id,family,model,view,status,reason,original,alt,sha256,reviewedVisually
01.01,dishwashing,model-01,interior,approved,,/media/equipment-drive/dishwashing-trailers/22-26ft-low-temp-dish-trailer-tier-1-4/commercial-dish-trailer-stainless-workstation.png,Stainless worktable and storage racks inside a dishwashing trailer,39da30a1422bb09192fd5f1f3dfc9751be9c4d8adafdd41c7e5c4a5cac9164e1,True
01.02,dishwashing,model-01,interior,approved,,/media/equipment-drive/dishwashing-trailers/22-26ft-low-temp-dish-trailer-tier-1-4/dish-trailer-commercial-dishwasher.png,Commercial dishwashing machine and loading table,c1a1858704083016552ddec7b10c16cc1dbd42d69a7deafe63676113fb1db637,True
01.03,dishwashing,model-01,interior,approved,,/media/equipment-drive/dishwashing-trailers/22-26ft-low-temp-dish-trailer-tier-1-4/dish-trailer-handwashing-station.png,Wash sinks and shelving inside a dishwashing trailer,f7bb29a4ce27d1d8e0209816d8a30938d029e0e30500ac35905970adf9f864a5,True
01.04,dishwashing,model-01,exterior,approved,,/media/equipment-drive/dishwashing-trailers/22-26ft-low-temp-dish-trailer-tier-1-4/dish-trailer-rental-exterior.png,Exterior of the enclosed dishwashing trailer,8a3b778dc9d47a4d49bff92ea3c3454908524ac09670740bd7b0a4357287b03f,True
01.05,dishwashing,model-01,interior,approved,,/media/equipment-drive/dishwashing-trailers/22-26ft-low-temp-dish-trailer-tier-1-4/dish-trailer-three-compartment-sink.png,Multi-compartment wash sink and pre-rinse faucet,06a2358b959cba278011112fb69071b95fc817a349712120dcd57cc6734f7de2,True
01.06,dishwashing,model-01,interior,approved,,/media/equipment-drive/dishwashing-trailers/22-26ft-low-temp-dish-trailer-tier-1-4/dish-trailer-utility-sink-storage-racks.png,Utility sink beside dish storage racks,224f845e1e70d21eb73410b89b0f9e4e36b2d64b52ac3b12eeb04dd534ec1572,True
01.07,dishwashing,model-01,interior,approved,,/media/equipment-drive/dishwashing-trailers/22-26ft-low-temp-dish-trailer-tier-1-4/dishwashing-trailer-wash-rinse-sanitize-sink.png,"Wash, rinse and sanitize basins",98d052a0b070d3ddbd7f1532e4366f99c7f0ca1a97fc2146334d4b2a0d142e28,True
01.08,dishwashing,model-01,interior,approved,,/media/equipment-drive/dishwashing-trailers/22-26ft-low-temp-dish-trailer-tier-1-4/mobile-dish-trailer-interior.png,Handwashing and pre-rinse station inside the dishwashing trailer,1ea6f29f897bc6856d85bd5b8a8fda1cf4b09843c4a51c1265f5c88dd9cea633,True
02.01,dishwashing,model-02,exterior,withheld,Residential/small-business background; no safe matching view.,/media/equipment-drive/dishwashing-trailers/30ft-conveyor-dishwashing-trailer/commercial-conveyor-trailer-rental.png,,9c0830b68351aa78c71beaa24cd548933301d151c05c5f1fc36f6948e46b480b,True
02.02,dishwashing,model-02,exterior,withheld,Residential/small-business background; no safe matching view.,/media/equipment-drive/dishwashing-trailers/30ft-conveyor-dishwashing-trailer/mobile-conveyor-trailer-rental.png,,6e3bd998904467ff8f93ad2a6ea9d7dff1b04fc9fae322bca34fbea3a9f8d532,True
03.01,dishwashing,model-03,interior,approved,,/media/equipment-drive/dishwashing-trailers/38ft-high-temp-conveyor-dishwashing-trailer/commercial-dish-trailer-dishwasher-loading-station.png,Sink station inside the conveyor dishwashing trailer,0f1d564951c5b37701a8e9eaedfac6b28574e9d258791e86d2b4067b7a7cc907,True
03.02,dishwashing,model-03,interior,approved,,/media/equipment-drive/dishwashing-trailers/38ft-high-temp-conveyor-dishwashing-trailer/commercial-dish-trailer-three-compartment-sink.png,Stainless washing line inside the conveyor dishwashing trailer,4d05ba810d3fe5ef9ce538ac9ccf036aa5d9b9bc416a42dcd2147c31db79a75b,True
03.03,dishwashing,model-03,interior,approved,,/media/equipment-drive/dishwashing-trailers/38ft-high-temp-conveyor-dishwashing-trailer/dish-trailer-commercial-dishwashing-machine.png,Open commercial dishwashing machine,52fecd0683fc54a866b640199b9e4e48ce972560405c76ea0b3fe6cb3a87867f,True
03.04,dishwashing,model-03,interior,approved,,/media/equipment-drive/dishwashing-trailers/38ft-high-temp-conveyor-dishwashing-trailer/dish-trailer-commercial-utility-sink.png,Conveyor loading table and dishwashing machine,057f4dffc865aebbef95af8a74f5d6b9518968b7a9855fc9f62a959b7fcad68f,True
03.05,dishwashing,model-03,interior,approved,,/media/equipment-drive/dishwashing-trailers/38ft-high-temp-conveyor-dishwashing-trailer/dish-trailer-rental-complete-interior.png,Dishwashing trailer aisle and washing stations,aaedfa8b6f439599ca2fa39772690c1adf730107ec6cde1614686beac3922606,True
03.06,dishwashing,model-03,interior,approved,,/media/equipment-drive/dishwashing-trailers/38ft-high-temp-conveyor-dishwashing-trailer/dish-trailer-sink-and-stainless-work-tables.png,Stainless washing sinks and work surface,082790dc4edd17524f1827d67861e951fb9779c2380d172e2fb066ca00dd95e1,True
03.07,dishwashing,model-03,interior,approved,,/media/equipment-drive/dishwashing-trailers/38ft-high-temp-conveyor-dishwashing-trailer/dish-trailer-stainless-work-tables-and-sink.png,Handwashing and wash sinks inside the dishwashing trailer,acce57879fc2e6a9b150cab5a9c604dc8d2314bd694e29e2367bd842c5ac5fc0,True
03.08,dishwashing,model-03,interior,approved,,/media/equipment-drive/dishwashing-trailers/38ft-high-temp-conveyor-dishwashing-trailer/dishwashing-trailer-wash-rinse-sanitize-station.png,Full washing line and aisle in the dishwashing trailer,1f562965c60534af09ec428d7991a5bed056715de854dcd72a67ea1024c66627,True
03.09,dishwashing,model-03,interior,approved,,/media/equipment-drive/dishwashing-trailers/38ft-high-temp-conveyor-dishwashing-trailer/mobile-dish-trailer-sink-prep-station.png,Stainless worktable inside the dishwashing trailer,82816261b87d2f037f26911cd334460fdecc7b1e946764275a2420f4d4a63e5d,True
03.10,dishwashing,model-03,interior,approved,,/media/equipment-drive/dishwashing-trailers/38ft-high-temp-conveyor-dishwashing-trailer/mobile-dishwashing-trailer-dishwasher-work-area.png,Washing stations along the dishwashing trailer aisle,537b8ad7d09638ac72ed6d748627829293332d132189b91e19253d1ba7e8e2a2,True
04.01,dishwashing,model-04,interior,approved,,/media/equipment-drive/dishwashing-trailers/38ft-low-temp-dish-trailer-tier-1-4/commercial-dish-trailer-interior.png,Storage shelving inside a dishwashing trailer,4f27dfdbd7c13e732d24a3762d7188c758d73dd5f7912494827153ba6c39081e,True
04.02,dishwashing,model-04,interior,approved,,/media/equipment-drive/dishwashing-trailers/38ft-low-temp-dish-trailer-tier-1-4/dish-trailer-commercial-storage-shelving.png,Dishwashing trailer aisle with sinks and worktables,64c9ac5346ed969e56bc037f8abfe5f470db80cabc998aa8f35373fe3632893f,True
04.03,dishwashing,model-04,interior,approved,,/media/equipment-drive/dishwashing-trailers/38ft-low-temp-dish-trailer-tier-1-4/dish-trailer-sink-and-pre-rinse-station.png,Wash sinks and pre-rinse station,adfc79ec326735fa06c3957836f990ed9561b2507470db01a9d623d47bf9aa17,True
04.04,dishwashing,model-04,interior,approved,,/media/equipment-drive/dishwashing-trailers/38ft-low-temp-dish-trailer-tier-1-4/dish-trailer-stainless-steel-work-table.png,Stainless worktable inside the dishwashing trailer,a5bd3e2f8365c8298a3c9fecb2f631e68b38965055ef8f1706bbc0480e124575,True
05.01,handwashing-trailer,model-05,exterior,withheld,Two-bank configuration differs from the selected single-bank trailer; not combined.,/media/equipment-drive/handwashing-sink-trailers/handwashing-sink-trailer/hand-washing-sink-trailer-six-station.png,Two banks of externally accessible handwashing sinks,e153ec9a8ea77bdaa9596351eb05722803b05447878e169426bd63c544c19082,True
05.02,handwashing-trailer,model-05,exterior,approved,,/media/equipment-drive/handwashing-sink-trailers/handwashing-sink-trailer/mobile-hand-washing-station-trailer.png,Exterior of a handwashing trailer with sinks under an awning,009fbde78d1a8d2342bef458c0b8455566f798925c50e67e01ef6a677d1ff47e,True
05.03,handwashing-trailer,model-05,exterior,approved,,/media/equipment-drive/handwashing-sink-trailers/handwashing-sink-trailer/portable-hand-washing-sink-trailer.png,Angled exterior view of the handwashing sink trailer,4ca17dc09f02b389ab20e670c3ab26ef6bfa60bff4b4c74cd03bc16edb23a985,True
06.01,laundry-container,model-06,interior,approved,,/media/equipment-drive/laundry-trailers-and-containers/20ft-laundry-container/Laundry Container 7 units 1.png,Laundry-container interior with stacked machines and a folding table,f94926f0ae77d3870245322625fc2e7807d2ef6d14d5c10159dc0ff504c86106,True
06.02,laundry-container,model-06,interior,approved,,/media/equipment-drive/laundry-trailers-and-containers/20ft-laundry-container/Laundry Container 7 units 2.png,Stacked laundry machines inside the container,2c480cafdab7ea60ca7c401c1f66158da7a61d91e2d3bd4abc6aa483da0369de,True
06.03,laundry-container,model-06,interior,approved,,/media/equipment-drive/laundry-trailers-and-containers/20ft-laundry-container/Laundry Container 7units.png,Opposite-end view of the laundry-container interior,039811b7354f99e17078ceeb74c0daebff593dd2820661e11e737a8e3f629f4b,True
07.01,laundry-trailer,model-07,interior,approved,,/media/equipment-drive/laundry-trailers-and-containers/26ft-27ft-laundry-trailer-8-washer-dryer/mobile-laundry-trailer-washer-dryer-interior.png,Stacked washing machines and dryers inside a laundry trailer,5acafab86de115f1768584b158d06383d18adbc3c6a8c896d8c5c4e09938f64a,True
08.01,laundry-trailer,model-08,interior,withheld,Near-duplicate laundry interior; conflicting 26-27 ft versus 30 ft model identity.,/media/equipment-drive/laundry-trailers-and-containers/30ft-laundry-trailer-10-washer-dryer/mobile-laundry-trailer-commercial-washers-dryers.png,,8f2f634239040859c87ae7205c3ab38c515b39f27a196a1900f6fea60eb0f13a,True
09.01,shower-restroom-combination,model-09,exterior,withheld,Residential or ambiguous exterior setting.,/media/equipment-drive/luxury-shower-restroom-combination-trailers/13ft-luxury-shower-restroom-combination-trailer-3-stalls/luxury-shower-restroom-trailer-double-door-exterior.png,,8aab887be36b24d21f6b72e6f1851ca33fdff43ba1f7ecf36577c2dfccbe3370,True
09.02,shower-restroom-combination,model-09,exterior,withheld,Near-duplicate exterior with residential or ambiguous setting.,/media/equipment-drive/luxury-shower-restroom-combination-trailers/13ft-luxury-shower-restroom-combination-trailer-3-stalls/luxury-shower-restroom-trailer-exterior.png,,900be11a38be919486d3b9274c00e59e77851c65c94adc27bb6586e1b8f3e199,True
09.03,shower-restroom-combination,model-09,interior,approved,,/media/equipment-drive/luxury-shower-restroom-combination-trailers/13ft-luxury-shower-restroom-combination-trailer-3-stalls/luxury-shower-restroom-trailer-interior.png,Toilet and shower enclosure inside a shower-restroom combination unit,5ecedc2b7190aeb0b3f7201f45d581e74381c366a8f0d7d0f07a8c9be400f9de,True
09.04,shower-restroom-combination,model-09,exterior,withheld,Residential or ambiguous exterior setting.,/media/equipment-drive/luxury-shower-restroom-combination-trailers/13ft-luxury-shower-restroom-combination-trailer-3-stalls/luxury-shower-restroom-trailer-rear-exterior.png,,865ae632624cb231d14a1a6d6dc7a8144b4b3354cacc29e94f69c4f2bbef8c2b,True
09.05,shower-restroom-combination,model-09,exterior,withheld,Exterior setting not verified as commercial/institutional.,/media/equipment-drive/luxury-shower-restroom-combination-trailers/13ft-luxury-shower-restroom-combination-trailer-3-stalls/luxury-shower-restroom-trailer-side-view.png,,630aa27585ab81542f63817b1c5a0d72b56f6449b457121edf104ce1d0af3e81,True
09.06,shower-restroom-combination,model-09,interior,approved,,/media/equipment-drive/luxury-shower-restroom-combination-trailers/13ft-luxury-shower-restroom-combination-trailer-3-stalls/mobile-luxury-shower-restroom-trailer-bathroom-interior.png,"Toilet, sink and shower curtain inside the combination unit",9aa5bd4db5d4461daa4e471c1427cb3b1f4d9b879f314d29b484a713e73a185f,True
09.07,shower-restroom-combination,model-09,exterior,withheld,Doorway view includes unverified residential/yard background.,/media/equipment-drive/luxury-shower-restroom-combination-trailers/13ft-luxury-shower-restroom-combination-trailer-3-stalls/portable-luxury-shower-restroom-trailer-entrance.png,,f9197e949a28b52d3c7c9d4e9b0f3edcee059e05069a5a9859650189e1fe18b3,True
10.01,shower-restroom-combination,model-10,exterior,approved,,/media/equipment-drive/luxury-shower-restroom-combination-trailers/22ft-luxury-shower-restroom-combination-trailer-6-stalls/22ft-6-stall-shower-restroom-trailer-exterior.png,Private entrances on a shower-restroom combination trailer inside a warehouse,7db24ad2139ec43e362befc5a46d484a7e69f851b1d6cafe4a414c0a04af0925,True
10.02,shower-restroom-combination,model-10,exterior,approved,,/media/equipment-drive/luxury-shower-restroom-combination-trailers/22ft-luxury-shower-restroom-combination-trailer-6-stalls/22ft-luxury-shower-restroom-combination-trailer-6-stall-exterior.png,Exterior doors and steps of the combination trailer inside a warehouse,a1fd0e0d53b4d489ef53ad5af54f3571e9f298fa37dc79888a83351ba9e4563f,True
10.03,shower-restroom-combination,model-10,exterior,withheld,Outdoor setting not verified as commercial/institutional.,/media/equipment-drive/luxury-shower-restroom-combination-trailers/22ft-luxury-shower-restroom-combination-trailer-6-stalls/22ft-shower-restroom-combination-trailer-multiple-entrances.png,,a3ca882ebf524a6d643931c9b60d4a122bb473e6cf197c8d28504e20b5680f52,True
10.04,shower-restroom-combination,model-10,exterior,withheld,Outdoor setting not verified as commercial/institutional.,/media/equipment-drive/luxury-shower-restroom-combination-trailers/22ft-luxury-shower-restroom-combination-trailer-6-stalls/6-stall-luxury-shower-restroom-trailer-side-view.png,,b8bccf76417d47c25724aa30d60ddf2cfb3394cb3a334bb016d441ab31504ea4,True
10.05,shower-restroom-combination,model-10,interior,approved,,/media/equipment-drive/luxury-shower-restroom-combination-trailers/22ft-luxury-shower-restroom-combination-trailer-6-stalls/luxury-6-stall-shower-restroom-trailer-entry-steps.png,Shower and toilet inside the combination trailer,ee85c5176470af5e87fc10a0918d2a0e24be5a73eb645573733c80a5c89d969b,True
10.06,shower-restroom-combination,model-10,exterior,approved,,/media/equipment-drive/luxury-shower-restroom-combination-trailers/22ft-luxury-shower-restroom-combination-trailer-6-stalls/luxury-shower-restroom-trailer-private-shower-stall.png,Opposite-side entrances on the combination trailer inside a warehouse,e9df604dc15c6e80be25da73ae492955b09fc556aaf6f0e3d306085d5e82d441,True
10.07,shower-restroom-combination,model-10,interior,approved,,/media/equipment-drive/luxury-shower-restroom-combination-trailers/22ft-luxury-shower-restroom-combination-trailer-6-stalls/luxury-shower-restroom-trailer-sink-vanity-interior.png,Wash basin and mirror inside the shower-restroom combination trailer,5c01e444dc88f976bfa395f817338fdca4765cf8be18394fa029cc8daf3e8a6c,True
11.01,shower-restroom-combination,model-11,exterior,withheld,Outdoor setting not verified; no accepted interior.,/media/equipment-drive/luxury-shower-restroom-combination-trailers/30ft-luxury-shower-restroom-combination-trailer-8-stalls/30ft-luxury-shower-restroom-combination-trailer-exterior-side-view.png,,027975496404aaf6491833cfc04faa47faf6049f84ee434dd8ca3b0ce9820164,True
12.01,mobile-kitchen,model-12,interior,approved,,/media/equipment-drive/mobile-kitchens/24ft-mobile-kitchen/commercial-six-burner-gas-range.png,Gas range inside the mobile kitchen,98a5ea41d685c77ba53495b3c92cd094c006dc48de4b3f0b9d11be1e1e784b2b,True
12.02,mobile-kitchen,model-12,interior,approved,,/media/equipment-drive/mobile-kitchens/24ft-mobile-kitchen/mobile-commercial-kitchen-entry-view.png,Mobile kitchen interior with cooking line and shelving,39709c2b240b98d0ebca67ac208726f2bc05acdb9957a523305dfc959ef75141,True
12.03,mobile-kitchen,model-12,exterior,approved,,/media/equipment-drive/mobile-kitchens/24ft-mobile-kitchen/mobile-kitchen-trailer-exterior-service-window.png,Exterior service window on the mobile kitchen trailer,40d9bf96b7be94de0552f1b44baa627a8bb59f0eff6c2c7805d175c877a1fcfd,True
12.04,mobile-kitchen,model-12,interior,approved,,/media/equipment-drive/mobile-kitchens/24ft-mobile-kitchen/mobile-kitchen-trailer-prep-counter.png,Preparation counter inside the mobile kitchen,dff88e39d64f5bc3f9bf9560c905bf0ced088cc41ba3cab3a596d40a8e4c56ba,True
12.05,mobile-kitchen,model-12,interior,approved,,/media/equipment-drive/mobile-kitchens/24ft-mobile-kitchen/portable-commercial-kitchen-trailer-interior.png,Mobile kitchen aisle with stainless counters and equipment,d845978efea5edbfc3d78e4b0e9c1cf0069fb4454fb26a6d7e39bddd118dd57c,True
13.01,mobile-kitchen,model-13,interior,approved,,/media/equipment-drive/mobile-kitchens/28ft-mobile-kitchen/commercial-kitchen-trailer-range-oven-hood.png,Cooking range and ovens inside the mobile kitchen,53e88b14d8da01f920b66c7d28cbd64872b5585720c277a9bbc4cb51264e4e7e,True
13.02,mobile-kitchen,model-13,interior,approved,,/media/equipment-drive/mobile-kitchens/28ft-mobile-kitchen/commercial-mobile-kitchen-cooking-line.png,Cooking line and preparation area inside the mobile kitchen,e1d80f86bf100e9b714df2e74d75d8aade0f4f4d20f47a155f9a3dcb0bd0a04d,True
13.03,mobile-kitchen,model-13,interior,approved,,/media/equipment-drive/mobile-kitchens/28ft-mobile-kitchen/mobile-kitchen-trailer-commercial-sink-station.png,Multi-compartment sink inside the mobile kitchen,1f6306721cff84cec160a5349b45a457aca5bcf1f71fe8b4457b7658637e02d5,True
13.04,mobile-kitchen,model-13,interior,withheld,Exact duplicate of 13.01.,/media/equipment-drive/mobile-kitchens/28ft-mobile-kitchen/mobile-kitchen-trailer-cooking-equipment.png,,53e88b14d8da01f920b66c7d28cbd64872b5585720c277a9bbc4cb51264e4e7e,True
13.05,mobile-kitchen,model-13,interior,approved,,/media/equipment-drive/mobile-kitchens/28ft-mobile-kitchen/mobile-kitchen-trailer-full-equipment-interior.png,Mobile kitchen interior with cooking and refrigeration equipment,c1ddc04a3a5cd80eed9f0698fcc297009dec61886386b33fc27306b1303f5800,True
13.06,mobile-kitchen,model-13,interior,approved,,/media/equipment-drive/mobile-kitchens/28ft-mobile-kitchen/mobile-kitchen-trailer-prep-area-service-window.png,Preparation counter below the kitchen service window,b11ba8553649ccf1dffc1cffaffb8d52c34120b9721b1dc54df2024b3d8a970a,True
13.07,mobile-kitchen,model-13,interior,approved,,/media/equipment-drive/mobile-kitchens/28ft-mobile-kitchen/portable-commercial-kitchen-interior-layout.png,Mobile kitchen aisle and wash area,5bdc42c245d270659b07589685444222ba3171b315d09e8a784ff18641ddba5a,True
13.08,mobile-kitchen,model-13,exterior,withheld,House is visible behind the kitchen trailer.,/media/equipment-drive/mobile-kitchens/28ft-mobile-kitchen/temporary-commercial-kitchen-trailer-exterior.png,,527289f873f9103c014a137b4e72212e00a2a2d248bc2b86b71233b3f3aba176,True
13.09,mobile-kitchen,model-13,interior,approved,,/media/equipment-drive/mobile-kitchens/28ft-mobile-kitchen/temporary-kitchen-trailer-prep-and-wash-area.png,Storage racks and preparation area inside the mobile kitchen,57a4d74e5d9921b13b026c2778887a47fd3fd81677c5f3a440047373a98ae8c7,True
14.01,mobile-kitchen,model-14,interior,approved,,/media/equipment-drive/mobile-kitchens/38ft-mobile-kitchen/commercial-kitchen-trailer-refrigeration-wash-station.png,Mobile kitchen interior with refrigeration and washing stations,933101559f8dbe81240b8ff4f1e521b33268bbf181b61666100a039d7c89522a,True
14.02,mobile-kitchen,model-14,interior,approved,,/media/equipment-drive/mobile-kitchens/38ft-mobile-kitchen/mobile-kitchen-trailer-range-griddle-fryer.png,"Range, griddle and fryer inside the mobile kitchen",84c67e243203e097a45706518df538f48780e0b0b4cbfe71f8d412727bcc5e88,True
15.01,mobile-kitchen,model-15,interior,withheld,Exact duplicate of 15.03.,/media/equipment-drive/mobile-kitchens/40ft-bulk-combo-kitchen/mobile-commercial-kitchen-steam-kettle-stainless-prep-table.png,,387fd0f4ec0ec377ea4982e83d57179103233131102360cac95df3f58813444c,True
15.02,mobile-kitchen,model-15,interior,approved,,/media/equipment-drive/mobile-kitchens/40ft-bulk-combo-kitchen/mobile-commercial-kitchen-trailer-ovens-wash-station-prep-area.png,Bulk-combination kitchen interior with ovens and washing stations,4eac55914fa9b2e7969da0a9a4853d3da0923cec7a6f67da8da29ff6add6da93,True
15.03,mobile-kitchen,model-15,interior,approved,,/media/equipment-drive/mobile-kitchens/40ft-bulk-combo-kitchen/portable-commercial-kitchen-trailer-sinks-stacked-ovens.png,Steam kettle and stainless preparation table inside the bulk-combination kitchen,387fd0f4ec0ec377ea4982e83d57179103233131102360cac95df3f58813444c,True
15.04,mobile-kitchen,model-15,interior,approved,,/media/equipment-drive/mobile-kitchens/40ft-bulk-combo-kitchen/portable-kitchen-trailer-stacked-commercial-convection-ovens.png,Stacked commercial ovens inside the bulk-combination kitchen,78ef0a848ff52cecc6d78afbce1c9b1c0c0f1bf9612df11ed1b94d4c9f9d5805,True
15.05,mobile-kitchen,model-15,interior,approved,,/media/equipment-drive/mobile-kitchens/40ft-bulk-combo-kitchen/temporary-commercial-kitchen-trailer-sinks-convection-ovens.png,Sinks and ovens inside the bulk-combination kitchen,83be43dd37e3aa8e53de0aae4378ae025d0b09b16020ce6aeb1b4200adcb33bd,True
15.06,mobile-kitchen,model-15,interior,approved,,/media/equipment-drive/mobile-kitchens/40ft-bulk-combo-kitchen/temporary-kitchen-trailer-deep-fryer-tilting-skillet.png,Fryer and tilting skillet inside the bulk-combination kitchen,69a116d5423afb6d3ce41d11ffc95fa56017600e1757dfaa82bec63eda80ce40,True
15.07,mobile-kitchen,model-15,interior,approved,,/media/equipment-drive/mobile-kitchens/40ft-bulk-combo-kitchen/temporary-kitchen-trailer-stainless-steel-cooking-facility.png,Cooking and preparation area inside the bulk-combination kitchen,b6c8fca1b2cc590e95310257db1ca16910929b2b3cbb77638270c67c0774a9ca,True
16.01,mobile-kitchen,model-16,interior,approved,,/media/equipment-drive/mobile-kitchens/40ft-bulk-kitchen/commercial-kitchen-trailer-deep-fryer-gas-range-double-ovens.png,"Fryer, range and ovens inside the bulk kitchen",247870dc290daeebcc64d3bb6a3a575a162f87b25fb5127531a0fcca686d9fea,True
16.02,mobile-kitchen,model-16,diagram,withheld,"Supporting diagram/product illustration, not verified facility photography.",/media/equipment-drive/mobile-kitchens/40ft-bulk-kitchen/Layout1 (1).jpg,,d424c8699b12c3b6083d4739d8e0591f6189fec6f71f9c68c659a69905271fd3,True
16.03,mobile-kitchen,model-16,diagram,withheld,"Supporting diagram/product illustration, not verified facility photography.",/media/equipment-drive/mobile-kitchens/40ft-bulk-kitchen/Layout1.jpg,,90900600e0a747423a3fd75f83c96016edb668af7f614de5d68eeab703b9adfa,True
16.04,mobile-kitchen,model-16,diagram,withheld,"Supporting diagram/product illustration, not verified facility photography.",/media/equipment-drive/mobile-kitchens/40ft-bulk-kitchen/Layout2 (1).jpg,,bee0fbf7102feb57024b9a474e2b028c63f30da26cb472efe6669a34ebfe14a6,True
16.05,mobile-kitchen,model-16,diagram,withheld,"Supporting diagram/product illustration, not verified facility photography.",/media/equipment-drive/mobile-kitchens/40ft-bulk-kitchen/Layout2.jpg,,7546242b05f149629321304efb53db4d45c4577cc9bb322a5008e298e22f135c,True
16.06,mobile-kitchen,model-16,diagram,withheld,"Supporting diagram/product illustration, not verified facility photography.",/media/equipment-drive/mobile-kitchens/40ft-bulk-kitchen/Layout3 (1).jpg,,80d4aa72c8c6e9143f398f5b5c3a9c325f1bd23fb8d8c79c018ccfa575888682,True
16.07,mobile-kitchen,model-16,diagram,withheld,"Supporting diagram/product illustration, not verified facility photography.",/media/equipment-drive/mobile-kitchens/40ft-bulk-kitchen/Layout3.jpg,,04ae4b2c7295c9e16ac5475c930a2fef9814b2db47f4566ab36600a29f12034e,True
16.08,mobile-kitchen,model-16,interior,approved,,/media/equipment-drive/mobile-kitchens/40ft-bulk-kitchen/mobile-commercial-kitchen-steam-jacketed-kettle-tilting-skillet.png,Steam kettle and tilting skillet inside the bulk kitchen,144454cab902cdb84210898469681b5a2a4604bd85267d78947e1c2e77f9de9f,True
16.09,mobile-kitchen,model-16,interior,approved,,/media/equipment-drive/mobile-kitchens/40ft-bulk-kitchen/mobile-commercial-kitchen-trailer-wash-sinks-convection-ovens.png,Washing stations and ovens inside the bulk kitchen,8e48d94649d5b0de551a81709d5366b3e5c73f2b1bb198230ffd7167efe41ecd,True
16.10,mobile-kitchen,model-16,interior,approved,,/media/equipment-drive/mobile-kitchens/40ft-bulk-kitchen/mobile-kitchen-trailer-stainless-steel-pot-wash-sink.png,Pot-washing sink inside the bulk kitchen,1aff87e522e132e4fa22d7cf20f06095c66798a29e6065262c9f7f3167a5e6cd,True
16.11,mobile-kitchen,model-16,interior,approved,,/media/equipment-drive/mobile-kitchens/40ft-bulk-kitchen/portable-commercial-kitchen-range-griddle-fryer-cooking-line.png,Cooking line inside the bulk kitchen,121defb132b73786492ad8868926308e937062bffce342d4ff4b2222b05c2f20,True
16.12,mobile-kitchen,model-16,interior,approved,,/media/equipment-drive/mobile-kitchens/40ft-bulk-kitchen/portable-kitchen-trailer-range-convection-ovens-cooking-line.png,Ranges and ovens inside the bulk kitchen,36b587b523be6b5f83d186751447ec3f2414de90e4b90d0afbc871d398e3b695,True
16.13,mobile-kitchen,model-16,interior,approved,,/media/equipment-drive/mobile-kitchens/40ft-bulk-kitchen/temporary-commercial-kitchen-trailer-tilting-skillets-prep-area.png,Tilting skillets and preparation area inside the bulk kitchen,c8902a3b08ae2c4a1ae274366f5e648e1bba1591413d04429268a34a56ea6cb2,True
16.14,mobile-kitchen,model-16,interior,approved,,/media/equipment-drive/mobile-kitchens/40ft-bulk-kitchen/temporary-kitchen-trailer-refrigeration-and-wash-station.png,Refrigeration and washing stations inside the bulk kitchen,f2f0b2e7d6ed9d61b316c0488065095554700e87cd90ae83b18fa232a22b8d7b,True
17.01,mobile-kitchen,model-17,interior,approved,,/media/equipment-drive/mobile-kitchens/40ft-mobile-combo-kitchen/commercial-kitchen-trailer-cooking-line-ventilation.png,Cooking line inside the combination kitchen trailer,6ecd50f2f25599efdaf85b3afc88faa74db86696b46fa3a85fef08356a12383a,True
17.02,mobile-kitchen,model-17,interior,approved,,/media/equipment-drive/mobile-kitchens/40ft-mobile-combo-kitchen/commercial-kitchen-trailer-range-griddle-exhaust-hood.png,Range and griddle beneath the extraction hood,42894e190ad36707ac7aba765de65da9f257152140d7dd6d39f17ac62b93672f,True
17.03,mobile-kitchen,model-17,interior,approved,,/media/equipment-drive/mobile-kitchens/40ft-mobile-combo-kitchen/mobile-commercial-kitchen-trailer-cooking-wash-area.png,Cooking and washing aisle inside the combination kitchen,e1444ac381a0b07b0d946a9f34a01bb379b9b239d9362147e06f3f583df8e163,True
17.04,mobile-kitchen,model-17,exterior,withheld,Grass/yard exterior lacks verified commercial setting.,/media/equipment-drive/mobile-kitchens/40ft-mobile-combo-kitchen/mobile-commercial-kitchen-trailer-exterior-entrance.png,,38a92936c298ce27e32c2c2c91900cd415cc9b2f9c47ef244056d2bacf916c5b,True
17.05,mobile-kitchen,model-17,exterior,withheld,Wooded/driveway exterior lacks verified commercial setting.,/media/equipment-drive/mobile-kitchens/40ft-mobile-combo-kitchen/mobile-commercial-kitchen-trailer-exterior-hvac.png,,de42f3e2bf87040f479d58da5c4f407af0720e7ad27ae8113d9f129148dc5fb1,True
17.06,mobile-kitchen,model-17,interior,approved,,/media/equipment-drive/mobile-kitchens/40ft-mobile-combo-kitchen/mobile-kitchen-trailer-stacked-convection-ovens.png,Stacked ovens inside the combination kitchen trailer,ec5e30e3edd4eb422584e7f0923ed5cae1f1577b752eb258a1d562446911d427,True
17.07,mobile-kitchen,model-17,interior,approved,,/media/equipment-drive/mobile-kitchens/40ft-mobile-combo-kitchen/mobile-kitchen-trailer-stainless-steel-prep-area.png,Preparation area inside the combination kitchen trailer,ff68a6de9727dd3c2219044515053ff5bc39d20d3c6776cc889786186da7f7e5,True
17.08,mobile-kitchen,model-17,interior,approved,,/media/equipment-drive/mobile-kitchens/40ft-mobile-combo-kitchen/portable-commercial-kitchen-trailer-three-compartment-sink.png,Three-compartment sink inside the combination kitchen trailer,23c567085fa8049b0cc4711ee22bc4ceecf9419bec39443221b3a7a1bbc58e0b,True
17.09,mobile-kitchen,model-17,interior,approved,,/media/equipment-drive/mobile-kitchens/40ft-mobile-combo-kitchen/portable-kitchen-trailer-stainless-prep-table-shelving.png,Stainless preparation table and shelving,c593b221c48972456d5f2bcac7a3a8fe20f6d663dc79858793c8e3611fc0cff6,True
17.10,mobile-kitchen,model-17,interior,approved,,/media/equipment-drive/mobile-kitchens/40ft-mobile-combo-kitchen/temporary-kitchen-trailer-range-griddle-work-table.png,"Range, griddle and worktable inside the combination kitchen",92b205c7fccb11c0cbaf1b571b4e1dc18f57ba457a2a3583f82250936ee2bb9f,True
18.01,mobile-kitchen,model-18,interior,approved,,/media/equipment-drive/mobile-kitchens/40ft-mobile-kitchen/commercial-kitchen-trailer-flat-top-griddle-range.png,Griddle and range inside the mobile kitchen,861d6fc010c679e4c8e1dd3c55c6f8478c27eeec458b9d05ad524e288b44f08a,True
18.02,mobile-kitchen,model-18,interior,approved,,/media/equipment-drive/mobile-kitchens/40ft-mobile-kitchen/commercial-kitchen-trailer-griddle-range-deep-fryer.png,"Range, griddle and fryer inside the mobile kitchen",903dee775321df6185e39e1b164eb096515c1df6b0f02555f866c53cc26b320e,True
18.03,mobile-kitchen,model-18,interior,approved,,/media/equipment-drive/mobile-kitchens/40ft-mobile-kitchen/commercial-kitchen-trailer-three-compartment-wash-sink.png,Multi-compartment wash sink inside the mobile kitchen,f0e7a900ffe4057c569f5af535219a3b5e3d1feb704850bf48cf6f8d6f6d95c8,True
18.04,mobile-kitchen,model-18,diagram,withheld,"Supporting diagram/product illustration, not verified facility photography.",/media/equipment-drive/mobile-kitchens/40ft-mobile-kitchen/Layout1.jpg,,9418f53401a9edade76c71d701cb0fe5e5ce1b8d3c6b232c28f381a84be33391,True
18.05,mobile-kitchen,model-18,diagram,withheld,"Supporting diagram/product illustration, not verified facility photography.",/media/equipment-drive/mobile-kitchens/40ft-mobile-kitchen/Layout2 (1).jpg,,e8a3eaf28c15444a8f8e4e929ece067c102c0d14874b099c1b5cc75e04dc177a,True
18.06,mobile-kitchen,model-18,interior,approved,,/media/equipment-drive/mobile-kitchens/40ft-mobile-kitchen/mobile-commercial-kitchen-trailer-refrigeration-units.png,Refrigeration units inside the mobile kitchen,de3e025e831c22e742d78bbe7be22d44f29d6f7d4d93d902ae0ce6176a881ba2,True
18.07,mobile-kitchen,model-18,interior,approved,,/media/equipment-drive/mobile-kitchens/40ft-mobile-kitchen/mobile-kitchen-trailer-hand-wash-sink-sanitation-station.png,Handwashing station inside the mobile kitchen,f20a681c19cf0f1fbcdb28ff206eb6757747391e17b33724754a3abac03f8411,True
18.08,mobile-kitchen,model-18,interior,approved,,/media/equipment-drive/mobile-kitchens/40ft-mobile-kitchen/mobile-kitchen-trailer-stacked-commercial-convection-ovens.png,Stacked convection ovens inside the mobile kitchen,e9a857fb018e1df1057cc75b14701bdd7b4f6d9ed5e176e16a118c9fffae2b5f,True
18.09,mobile-kitchen,model-18,interior,approved,,/media/equipment-drive/mobile-kitchens/40ft-mobile-kitchen/portable-kitchen-trailer-stainless-steel-prep-table.png,Stainless preparation table inside the mobile kitchen,8952733b3cbb5efef0fb0dcfaf0aecb854c824721d38765cea4e8f5361180d5f,True
18.10,mobile-kitchen,model-18,interior,approved,,/media/equipment-drive/mobile-kitchens/40ft-mobile-kitchen/temporary-commercial-kitchen-trailer-cooking-prep-area.png,Cooking and preparation aisle inside the mobile kitchen,8f7af7c1f5c75e77317e52889a53cd65e87993440b3598f2ae0cd09591da020e,True
19.01,refrigerated-trailer,model-19,exterior,withheld,Compact exterior cannot be tied to the interior or the stated 20 ft tier without model evidence.,/media/equipment-drive/refrigerated-trailers-and-containers/20ft-refrigerated-trailer-tier-1-4/portable-refrigeration-trailer-exterior.png,,e9c8eac1a713a04ea72fb8016595e6394545dba575eb4cd0c19269c0427dd9c0,True
19.02,refrigerated-trailer,model-19,interior,approved,,/media/equipment-drive/refrigerated-trailers-and-containers/20ft-refrigerated-trailer-tier-1-4/refrigerated-trailer-interior-cooling-system.png,Insulated refrigerated trailer interior with a ceiling-mounted cooling unit,87e877cda19ee1b0f5d2cacd0e626519c14a0aec97c93b63aa98aec4f6238f56,True
19.03,refrigerated-trailer,model-19,exterior,withheld,"Mixed fleet/support-equipment composition, not an exact refrigerated trailer view.",/media/equipment-drive/refrigerated-trailers-and-containers/20ft-refrigerated-trailer-tier-1-4/refrigeration-trailer-rental-exterior.png,,6620814f30241303945e00f3a07e81affe47fd5f2d956506f973e76b197d56aa,True
19.04,refrigerated-trailer,model-19,exterior,withheld,Exterior cannot be tied to the interior or the stated 20 ft tier without model evidence.,/media/equipment-drive/refrigerated-trailers-and-containers/20ft-refrigerated-trailer-tier-1-4/refrigeration-trailer-rental-fleet.png,,e6fafa4c81cad96b3682cef7854e1814bf9044ff5b2b29c5c28d6dcbc560d428,True
19.05,refrigerated-trailer,model-19,interior,withheld,Near-duplicate refrigerated interior; retain 19.02 only.,/media/equipment-drive/refrigerated-trailers-and-containers/20ft-refrigerated-trailer-tier-1-4/refrigeration-trailer-stainless-steel-interior.png,,b5666e7c4ab955192cd524b086ec8d802c6679bb63c03077d8897f6049c81870,True
20.01,shower-container,model-20,interior,approved,,/media/equipment-drive/shower-containers/20ft-shower-container-5-stalls/mobile-shower-container-interior.png,Private shower stall inside the shower container,83c24254285f174db90e8c3ccea9f055dbaff87ecbf5840c03b72dbe80d28e1e,True
20.02,shower-container,model-20,interior,approved,,/media/equipment-drive/shower-containers/20ft-shower-container-5-stalls/portable-shower-container-multiple-stalls.png,Separate shower enclosures inside the shower container,93ef3ac53c258e47bc8ba5547f2cbced49a9be783c53733a749dfe0a68c5bf8b,True
20.03,shower-container,model-20,interior,approved,,/media/equipment-drive/shower-containers/20ft-shower-container-5-stalls/shower-container-private-shower-stall.png,Shower-container stalls and shower fixtures,6c64202e8de399996c85f6ebfe476aa973cf687d7e49e91068dba43e43ce0fad,True
20.04,shower-container,model-20,interior,withheld,Near-duplicate of the same shower-container view in 20.02.,/media/equipment-drive/shower-containers/20ft-shower-container-5-stalls/shower-container-rental-private-stalls.png,,ef8d9f471c0d9edadbfc38abbfe441cabc4177f26526f1a242258b39647470e0,True
21.01,shower-trailer,model-21,interior,approved,,/media/equipment-drive/shower-trailers/20-ft-shower-trailer-5-stalls-with-handwashing-sink/mobile-shower-trailer-wash-station.png,Private shower-only stall with overhead shower and hand shower,dabab6914d03a327f753ae7074f3355b156e5325cbff71fa3dca2823299cdd46,True
21.02,shower-trailer,model-21,exterior,approved,,/media/equipment-drive/shower-trailers/20-ft-shower-trailer-5-stalls-with-handwashing-sink/multi-station-shower-trailer-exterior.png,Rear exterior of the shower-only trailer inside a warehouse,c8e61016692cc24ed87e1535eb1d0bdab31df836eed8301a227f2805021d8ab8,True
21.03,shower-trailer,model-21,exterior,withheld,Composite callout repeats an already included shower interior/exterior.,/media/equipment-drive/shower-trailers/20-ft-shower-trailer-5-stalls-with-handwashing-sink/portable-shower-trailer-multiple-private-stalls.png,,083420763a287d5d2fa7b177b3415f18bd59d9e840617c86944ed2c478711fe2,True
21.04,shower-trailer,model-21,exterior,approved,,/media/equipment-drive/shower-trailers/20-ft-shower-trailer-5-stalls-with-handwashing-sink/private-shower-trailer-stall-interior.png,External handwashing sinks at the rear of the shower trailer,13d11fc194e658fa5c5be33c3852191cec58b21c55db2108cd78c9949335c703,True
21.05,shower-trailer,model-21,exterior,approved,,/media/equipment-drive/shower-trailers/20-ft-shower-trailer-5-stalls-with-handwashing-sink/shower-trailer-exterior-with-private-shower-stall.png,Private external entrances on the shower-only trailer,7891e17e60628430980fd835fc4690a6d189017a7d86e7aad7840960bc1ad55a,True
21.06,shower-trailer,model-21,exterior,withheld,Composite callout repeats an already included sink/exterior view.,/media/equipment-drive/shower-trailers/20-ft-shower-trailer-5-stalls-with-handwashing-sink/shower-trailer-exterior-with-sink-area.png,,26607de2ca9441ffa5533c2789ed79a04505093f0bde63cfb71ee5c0b8c52925,True
21.07,shower-trailer,model-21,exterior,approved,,/media/equipment-drive/shower-trailers/20-ft-shower-trailer-5-stalls-with-handwashing-sink/shower-trailer-rear-exterior-view.png,Angled exterior view of the shower-only trailer inside a warehouse,ea9f8d1cea1ede56e56f5ac0e706547f4decfd5b5a75076ea08db176377910da,True
21.08,shower-trailer,model-21,exterior,approved,,/media/equipment-drive/shower-trailers/20-ft-shower-trailer-5-stalls-with-handwashing-sink/shower-trailer-sink-and-mirror-area.png,Externally accessible sinks and mirrors on the shower trailer,45b677c4b981464953cc49dbbfcec39c5ad82a23b6094f2b547fb4b3889da98e,True
22.01,contractor-accommodation,model-22,interior,withheld,"Identical interior reused under contractor, VIP and sleeper labels; model association unresolved.",/media/equipment-drive/sleeper-and-accommodation/20ft-accommodation-contractor/20ft-accommodation-unit-bunk-bed-interior.png,,30ed74f6a1ad4d9343eb450ccd325c2a586d9968d356f6163badc99b981e3052,True
22.02,contractor-accommodation,model-22,exterior,approved,,/media/equipment-drive/sleeper-and-accommodation/20ft-accommodation-contractor/20ft-accommodation-unit-exterior-side-view.png,Exterior of containerized contractor accommodation units,6867327e45f627a43cdc11948b927341f513dc8fd563045e6e912542c8dd85d6,True
22.03,contractor-accommodation,model-22,interior,withheld,"Identical interior reused under contractor, VIP and sleeper labels; model association unresolved.",/media/equipment-drive/sleeper-and-accommodation/20ft-accommodation-contractor/20ft-accommodation-unit-four-bed-interior.png,,c989739fac6a9997d3fb89a9d66ba89d2789ed59709e9fd8a30103e7d1796db7,True
22.04,contractor-accommodation,model-22,interior,withheld,"Identical interior reused under contractor, VIP and sleeper labels; model association unresolved.",/media/equipment-drive/sleeper-and-accommodation/20ft-accommodation-contractor/20ft-mobile-accommodation-bunk-room-interior.png,,fe6c68b1dc9123c64e49302d9f1481119b9209b3a9a4e7d3af0c2c5990221b7e,True
22.05,contractor-accommodation,model-22,exterior,approved,,/media/equipment-drive/sleeper-and-accommodation/20ft-accommodation-contractor/20ft-portable-accommodation-unit-base-camp.png,Containerized contractor accommodation around a shared outdoor area,58083d08991a7762257ad0ba03fb22122b838e1497d804f7c853061d87463b02,True
23.01,vip-accommodation,model-23,diagram,withheld,"Supporting diagram/product illustration, not verified facility photography.",/media/equipment-drive/sleeper-and-accommodation/20ft-accommodation-vip/20ft-vip-accommodation-bunk-bed-dimensions.png,,585010fbbb6d8b9a0bdf526123a1d05867e4bf57bffe6b57d46931d149dd9a9a,True
23.02,vip-accommodation,model-23,diagram,withheld,"Supporting diagram/product illustration, not verified facility photography.",/media/equipment-drive/sleeper-and-accommodation/20ft-accommodation-vip/20ft-vip-accommodation-bunk-bed-frame.png,,84da6047eba73ee816cf5079dfa15d7ca34d7f6ec610f802dfd91484c010c4ed,True
23.03,vip-accommodation,model-23,interior,withheld,Duplicate cross-category accommodation image; VIP identity unsupported.,/media/equipment-drive/sleeper-and-accommodation/20ft-accommodation-vip/20ft-vip-accommodation-bunk-room-interior.png,,30ed74f6a1ad4d9343eb450ccd325c2a586d9968d356f6163badc99b981e3052,True
23.04,vip-accommodation,model-23,interior,withheld,Duplicate cross-category accommodation image; VIP identity unsupported.,/media/equipment-drive/sleeper-and-accommodation/20ft-accommodation-vip/20ft-vip-accommodation-bunk-room-side-view.png,,fe6c68b1dc9123c64e49302d9f1481119b9209b3a9a4e7d3af0c2c5990221b7e,True
23.05,vip-accommodation,model-23,interior,withheld,Duplicate cross-category accommodation image; VIP identity unsupported.,/media/equipment-drive/sleeper-and-accommodation/20ft-accommodation-vip/20ft-vip-accommodation-four-bed-interior.png,,c989739fac6a9997d3fb89a9d66ba89d2789ed59709e9fd8a30103e7d1796db7,True
23.06,vip-accommodation,model-23,interior,withheld,Communal multi-bunk layout is not a verified VIP/private-room configuration.,/media/equipment-drive/sleeper-and-accommodation/20ft-accommodation-vip/20ft-vip-accommodation-multiple-bunk-beds.png,,9786901c66bdbd05831623601d1b248e31582a382020db4f3e4f4d02bf8407d9,True
23.07,vip-accommodation,model-23,interior,approved,,/media/equipment-drive/sleeper-and-accommodation/20ft-accommodation-vip/20ft-vip-accommodation-private-room.png,"Private accommodation room with a bed, seating, refrigerator and microwave",1be33879c903b5341e6b25d4a6e675389587b151d16f41f6cd28980f221c3711,True
23.08,vip-accommodation,model-23,interior,withheld,Different bunk-room configuration; cannot associate with the private VIP room.,/media/equipment-drive/sleeper-and-accommodation/20ft-accommodation-vip/20ft-vip-accommodation-trailer-bunk-bed.png,,f6359bec74d31dc3a48fbcbc51ce86f75a55a125371ec6fb46a4e1414c66aff2,True
23.09,sleeper-trailer,sleeper-four-room,exterior,approved,,/media/equipment-drive/sleeper-and-accommodation/20ft-accommodation-vip/20ft-vip-accommodation-trailer-exterior.png,Wheeled sleeper trailer with separate entrances and a visible bunk room,279c06dccb23f329d53fd69a939533083a8b2de65bcadb1b8d76371d79e54f2d,True
24.01,sleeper-container,model-24,interior,withheld,Cross-category duplicate interior; not evidence of a wheeled sleeper trailer.,/media/equipment-drive/sleeper-and-accommodation/sleeper-trailer-2-stalls/sleeper-trailer-2-stall-bunk-bed-interior.png,,30ed74f6a1ad4d9343eb450ccd325c2a586d9968d356f6163badc99b981e3052,True
24.02,sleeper-container,model-24,exterior,withheld,Container transported on a separate flatbed; not a sleeper trailer.,/media/equipment-drive/sleeper-and-accommodation/sleeper-trailer-2-stalls/sleeper-trailer-2-stall-delivery-view.png,,3313fb77704525a5f4b15df6678931d563a3d5bf8c87b49023402b9bb85606f3,True
24.03,sleeper-container,model-24,exterior,withheld,Composite of a container and a reused interior; exact association unverified.,/media/equipment-drive/sleeper-and-accommodation/sleeper-trailer-2-stalls/sleeper-trailer-2-stall-exterior-with-bunk-room.png,,fc4b32cd779dd45a7d6b0a391a3a7ccee17a665168ed6ecac31e69855295d089,True
24.04,sleeper-container,model-24,exterior,withheld,Container transported on a separate flatbed; not a sleeper trailer.,/media/equipment-drive/sleeper-and-accommodation/sleeper-trailer-2-stalls/sleeper-trailer-2-stall-flatbed-transport.png,,5ad676b7c43b352d507b272f30a53fbd3d162c0353179814e1ab46540478c7ee,True
24.05,sleeper-container,model-24,interior,withheld,Cross-category duplicate interior; not evidence of a wheeled sleeper trailer.,/media/equipment-drive/sleeper-and-accommodation/sleeper-trailer-2-stalls/sleeper-trailer-2-stall-four-bunk-interior.png,,c989739fac6a9997d3fb89a9d66ba89d2789ed59709e9fd8a30103e7d1796db7,True
24.06,sleeper-container,model-24,exterior,approved,,/media/equipment-drive/sleeper-and-accommodation/sleeper-trailer-2-stalls/sleeper-trailer-2-stall-front-exterior.png,Front exterior of a two-room containerized sleeping unit,7b5d1b57a82ab1148a233eb1520d975eda45b664e0325ca54c46ed90f8853c00,True
24.07,sleeper-container,model-24,exterior,approved,,/media/equipment-drive/sleeper-and-accommodation/sleeper-trailer-2-stalls/sleeper-trailer-2-stall-side-exterior.png,Side exterior of the containerized sleeping unit,ac425f6999407d3125ef2c4b7caeef4d196873425538b00bedde405c0aab3544,True
24.08,sleeper-container,model-24,interior,withheld,Cross-category duplicate interior; not evidence of a wheeled sleeper trailer.,/media/equipment-drive/sleeper-and-accommodation/sleeper-trailer-2-stalls/sleeper-trailer-2-stall-sleeping-room.png,,fe6c68b1dc9123c64e49302d9f1481119b9209b3a9a4e7d3af0c2c5990221b7e,True
24.09,sleeper-container,model-24,exterior,withheld,Container transported on a separate flatbed; not a sleeper trailer.,/media/equipment-drive/sleeper-and-accommodation/sleeper-trailer-2-stalls/sleeper-trailer-2-stall-transport-delivery.png,,76084bd597c9b6e8d7b9c5c96417b8a2761b300d9a2dd94f535b786352d19d94,True
25.01,water-tank,model-25,exterior,withheld,Single-tank close view not combined with a two-tank configuration.,/media/equipment-drive/water-tanks/water-tank/mobile-water-storage-tank-trailer-setup.png,,fbf47ad8e542028d93648b72a22ba23604386b7a593895f0bc49ad7e95be575f,True
25.02,water-tank,model-25,exterior,approved,,/media/equipment-drive/water-tanks/water-tank/mobile-water-trailer-with-portable-water-tanks.png,Two portable water storage tanks with hoses beside support equipment,27b4c112b1842ddd2490d487d7ea86f126c7b801a57d807576372a7b3f5f6ec8,True
25.03,water-tank,model-25,exterior,withheld,Kitchen trailer dominates a mixed-equipment composition.,/media/equipment-drive/water-tanks/water-tank/portable-water-tanks-with-pump-and-hoses.png,,5822903b748c3c1e8647241c030f2fae2f232ca95e3f3a4f5efc81bb7a465c98,True
25.04,water-tank,model-25,exterior,withheld,Kitchen trailer dominates a mixed-equipment composition.,/media/equipment-drive/water-tanks/water-tank/temporary-water-storage-tanks-mobile-water-trailer.png,,86202093680a9a2cac3e2892e48d1f3c691c5a87f622122f0f4b45298c282572,True
25.05,water-tank,model-25,exterior,withheld,Different visible tank configuration; do not combine with selected two-tank view.,/media/equipment-drive/water-tanks/water-tank/temporary-water-storage-tanks-rental-system.png,,495740570251d1ed4ebb9b13d0770702b004277e5a9a2abaea6c31990f62a96a,True
catalog-reefer,refrigerated-container,reefer-catalog,exterior,approved,,/images/catalog/refrigerated-containers-960.webp,Refrigerated shipping container with an end-mounted cooling unit,a881a4293bdbc0e51fa804da866c5981b6091be532948a88afc34619e370cdd0,True
catalog-restroom,ada-combination,unverified,exterior,withheld,Combination image is not restroom-only; ADA configuration/access details and setting are not independently verified.,/images/catalog/restroom-trailers-960.webp,,703e00d32f1b70bf993a0652ae54a0e338aa86345b9fa08f846e07be067c6406,True
catalog-sleeper,sleeper-trailer,sleeper-four-room,exterior,withheld,Branded reference corroborates 23.09; duplicate view is not added to the carousel.,/images/catalog/mobile-sleep-trailers-960.webp,,f8ed11d66647d6b7cf7278eadbea41b222e4b3a2f2ce76453f427aa04df53ff3,True
catalog-shower,shower-trailer,model-21,interior,withheld,Category-approved derivative of the same shower view as 21.01; do not duplicate.,/images/catalog/shower-trailer-960.webp,,74e461189aa24f99b90c770d2421b79a40dea432a63e6b9abb556cd73cb1779e,True
