id,family,model,view,original,reason
"02.01","dishwashing","model-02","exterior","/media/equipment-drive/dishwashing-trailers/30ft-conveyor-dishwashing-trailer/commercial-conveyor-trailer-rental.png","Residential/small-business background; no safe matching view."
"02.02","dishwashing","model-02","exterior","/media/equipment-drive/dishwashing-trailers/30ft-conveyor-dishwashing-trailer/mobile-conveyor-trailer-rental.png","Residential/small-business background; no safe matching view."
"05.01","handwashing-trailer","model-05","exterior","/media/equipment-drive/handwashing-sink-trailers/handwashing-sink-trailer/hand-washing-sink-trailer-six-station.png","Two-bank configuration differs from the selected single-bank trailer; not combined."
"09.01","shower-restroom-combination","model-09","exterior","/media/equipment-drive/luxury-shower-restroom-combination-trailers/13ft-luxury-shower-restroom-combination-trailer-3-stalls/luxury-shower-restroom-trailer-double-door-exterior.png","Residential or ambiguous exterior setting."
"09.02","shower-restroom-combination","model-09","exterior","/media/equipment-drive/luxury-shower-restroom-combination-trailers/13ft-luxury-shower-restroom-combination-trailer-3-stalls/luxury-shower-restroom-trailer-exterior.png","Near-duplicate exterior with residential or ambiguous setting."
"09.04","shower-restroom-combination","model-09","exterior","/media/equipment-drive/luxury-shower-restroom-combination-trailers/13ft-luxury-shower-restroom-combination-trailer-3-stalls/luxury-shower-restroom-trailer-rear-exterior.png","Residential or ambiguous exterior setting."
"09.05","shower-restroom-combination","model-09","exterior","/media/equipment-drive/luxury-shower-restroom-combination-trailers/13ft-luxury-shower-restroom-combination-trailer-3-stalls/luxury-shower-restroom-trailer-side-view.png","Exterior setting not verified as commercial/institutional."
"09.07","shower-restroom-combination","model-09","exterior","/media/equipment-drive/luxury-shower-restroom-combination-trailers/13ft-luxury-shower-restroom-combination-trailer-3-stalls/portable-luxury-shower-restroom-trailer-entrance.png","Doorway view includes unverified residential/yard background."
"10.03","shower-restroom-combination","model-10","exterior","/media/equipment-drive/luxury-shower-restroom-combination-trailers/22ft-luxury-shower-restroom-combination-trailer-6-stalls/22ft-shower-restroom-combination-trailer-multiple-entrances.png","Outdoor setting not verified as commercial/institutional."
"10.04","shower-restroom-combination","model-10","exterior","/media/equipment-drive/luxury-shower-restroom-combination-trailers/22ft-luxury-shower-restroom-combination-trailer-6-stalls/6-stall-luxury-shower-restroom-trailer-side-view.png","Outdoor setting not verified as commercial/institutional."
"11.01","shower-restroom-combination","model-11","exterior","/media/equipment-drive/luxury-shower-restroom-combination-trailers/30ft-luxury-shower-restroom-combination-trailer-8-stalls/30ft-luxury-shower-restroom-combination-trailer-exterior-side-view.png","Outdoor setting not verified; no accepted interior."
"13.04","mobile-kitchen","model-13","interior","/media/equipment-drive/mobile-kitchens/28ft-mobile-kitchen/mobile-kitchen-trailer-cooking-equipment.png","Exact duplicate of 13.01."
"13.08","mobile-kitchen","model-13","exterior","/media/equipment-drive/mobile-kitchens/28ft-mobile-kitchen/temporary-commercial-kitchen-trailer-exterior.png","House is visible behind the kitchen trailer."
"15.01","mobile-kitchen","model-15","interior","/media/equipment-drive/mobile-kitchens/40ft-bulk-combo-kitchen/mobile-commercial-kitchen-steam-kettle-stainless-prep-table.png","Exact duplicate of 15.03."
"16.02","mobile-kitchen","model-16","diagram","/media/equipment-drive/mobile-kitchens/40ft-bulk-kitchen/Layout1 (1).jpg","Supporting diagram/product illustration, not verified facility photography."
"16.03","mobile-kitchen","model-16","diagram","/media/equipment-drive/mobile-kitchens/40ft-bulk-kitchen/Layout1.jpg","Supporting diagram/product illustration, not verified facility photography."
"16.04","mobile-kitchen","model-16","diagram","/media/equipment-drive/mobile-kitchens/40ft-bulk-kitchen/Layout2 (1).jpg","Supporting diagram/product illustration, not verified facility photography."
"16.05","mobile-kitchen","model-16","diagram","/media/equipment-drive/mobile-kitchens/40ft-bulk-kitchen/Layout2.jpg","Supporting diagram/product illustration, not verified facility photography."
"16.06","mobile-kitchen","model-16","diagram","/media/equipment-drive/mobile-kitchens/40ft-bulk-kitchen/Layout3 (1).jpg","Supporting diagram/product illustration, not verified facility photography."
"16.07","mobile-kitchen","model-16","diagram","/media/equipment-drive/mobile-kitchens/40ft-bulk-kitchen/Layout3.jpg","Supporting diagram/product illustration, not verified facility photography."
"17.04","mobile-kitchen","model-17","exterior","/media/equipment-drive/mobile-kitchens/40ft-mobile-combo-kitchen/mobile-commercial-kitchen-trailer-exterior-entrance.png","Grass/yard exterior lacks verified commercial setting."
"17.05","mobile-kitchen","model-17","exterior","/media/equipment-drive/mobile-kitchens/40ft-mobile-combo-kitchen/mobile-commercial-kitchen-trailer-exterior-hvac.png","Wooded/driveway exterior lacks verified commercial setting."
"18.04","mobile-kitchen","model-18","diagram","/media/equipment-drive/mobile-kitchens/40ft-mobile-kitchen/Layout1.jpg","Supporting diagram/product illustration, not verified facility photography."
"18.05","mobile-kitchen","model-18","diagram","/media/equipment-drive/mobile-kitchens/40ft-mobile-kitchen/Layout2 (1).jpg","Supporting diagram/product illustration, not verified facility photography."
"20.04","shower-container","model-20","interior","/media/equipment-drive/shower-containers/20ft-shower-container-5-stalls/shower-container-rental-private-stalls.png","Near-duplicate of the same shower-container view in 20.02."
"21.03","shower-trailer","model-21","exterior","/media/equipment-drive/shower-trailers/20-ft-shower-trailer-5-stalls-with-handwashing-sink/portable-shower-trailer-multiple-private-stalls.png","Composite callout repeats an already included shower interior/exterior."
"21.06","shower-trailer","model-21","exterior","/media/equipment-drive/shower-trailers/20-ft-shower-trailer-5-stalls-with-handwashing-sink/shower-trailer-exterior-with-sink-area.png","Composite callout repeats an already included sink/exterior view."
"22.03","contractor-accommodation","model-22","interior","/media/equipment-drive/sleeper-and-accommodation/20ft-accommodation-contractor/20ft-accommodation-unit-four-bed-interior.png","Identical interior reused under contractor, VIP and sleeper labels; model association unresolved."
"23.01","vip-accommodation","model-23","diagram","/media/equipment-drive/sleeper-and-accommodation/20ft-accommodation-vip/20ft-vip-accommodation-bunk-bed-dimensions.png","Supporting diagram/product illustration, not verified facility photography."
"23.02","vip-accommodation","model-23","diagram","/media/equipment-drive/sleeper-and-accommodation/20ft-accommodation-vip/20ft-vip-accommodation-bunk-bed-frame.png","Supporting diagram/product illustration, not verified facility photography."
"23.03","vip-accommodation","model-23","interior","/media/equipment-drive/sleeper-and-accommodation/20ft-accommodation-vip/20ft-vip-accommodation-bunk-room-interior.png","Duplicate cross-category accommodation image; VIP identity unsupported."
"23.04","vip-accommodation","model-23","interior","/media/equipment-drive/sleeper-and-accommodation/20ft-accommodation-vip/20ft-vip-accommodation-bunk-room-side-view.png","Duplicate cross-category accommodation image; VIP identity unsupported."
"23.05","vip-accommodation","model-23","interior","/media/equipment-drive/sleeper-and-accommodation/20ft-accommodation-vip/20ft-vip-accommodation-four-bed-interior.png","Duplicate cross-category accommodation image; VIP identity unsupported."
"23.06","vip-accommodation","model-23","interior","/media/equipment-drive/sleeper-and-accommodation/20ft-accommodation-vip/20ft-vip-accommodation-multiple-bunk-beds.png","Communal multi-bunk layout is not a verified VIP/private-room configuration."
"23.08","vip-accommodation","model-23","interior","/media/equipment-drive/sleeper-and-accommodation/20ft-accommodation-vip/20ft-vip-accommodation-trailer-bunk-bed.png","Different bunk-room configuration; cannot associate with the private VIP room."
"24.02","sleeper-container","model-24","exterior","/media/equipment-drive/sleeper-and-accommodation/sleeper-trailer-2-stalls/sleeper-trailer-2-stall-delivery-view.png","Container transported on a separate flatbed; not a sleeper trailer."
"24.03","sleeper-container","model-24","exterior","/media/equipment-drive/sleeper-and-accommodation/sleeper-trailer-2-stalls/sleeper-trailer-2-stall-exterior-with-bunk-room.png","Composite of a container and a reused interior; exact association unverified."
"24.04","sleeper-container","model-24","exterior","/media/equipment-drive/sleeper-and-accommodation/sleeper-trailer-2-stalls/sleeper-trailer-2-stall-flatbed-transport.png","Container transported on a separate flatbed; not a sleeper trailer."
"24.05","sleeper-container","model-24","interior","/media/equipment-drive/sleeper-and-accommodation/sleeper-trailer-2-stalls/sleeper-trailer-2-stall-four-bunk-interior.png","Cross-category duplicate interior; not evidence of a wheeled sleeper trailer."
"24.09","sleeper-container","model-24","exterior","/media/equipment-drive/sleeper-and-accommodation/sleeper-trailer-2-stalls/sleeper-trailer-2-stall-transport-delivery.png","Container transported on a separate flatbed; not a sleeper trailer."
"25.01","water-tank","model-25","exterior","/media/equipment-drive/water-tanks/water-tank/mobile-water-storage-tank-trailer-setup.png","Single-tank close view not combined with a two-tank configuration."
"25.03","water-tank","model-25","exterior","/media/equipment-drive/water-tanks/water-tank/portable-water-tanks-with-pump-and-hoses.png","Kitchen trailer dominates a mixed-equipment composition."
"25.04","water-tank","model-25","exterior","/media/equipment-drive/water-tanks/water-tank/temporary-water-storage-tanks-mobile-water-trailer.png","Kitchen trailer dominates a mixed-equipment composition."
"25.05","water-tank","model-25","exterior","/media/equipment-drive/water-tanks/water-tank/temporary-water-storage-tanks-rental-system.png","Different visible tank configuration; do not combine with selected two-tank view."
"catalog-sleeper","sleeper-trailer","sleeper-four-room","exterior","/images/catalog/mobile-sleep-trailers-960.webp","Branded reference corroborates 23.09; duplicate view is not added to the carousel."
"catalog-shower","shower-trailer","model-21","interior","/images/catalog/shower-trailer-960.webp","Category-approved derivative of the same shower view as 21.01; do not duplicate."