url,title,carouselCount,changedFromAprilSnapshot,files,imageMarkupSha256
"/","Temporary Facilities and Trailer RentalRent or Lease Nationwide","0","false","[]","e3b0c44298fc1c149afbf4c8996fb92427ae41e4649b934ca495991b7852b855"
"/20ft-refrigeration-trailers/","20ft Refrigeration Trailer Rental","1","true","[""/media/equipment-drive/refrigerated-trailers-and-containers/20ft-refrigerated-trailer-tier-1-4/refrigerated-trailer-interior-cooling-system.png"",""/media/equipment-drive/refrigerated-trailers-and-containers/20ft-refrigerated-trailer-tier-1-4/refrigeration-trailer-stainless-steel-interior.png"",""/media/equipment-drive/refrigerated-trailers-and-containers/20ft-refrigerated-trailer-tier-1-4/portable-refrigeration-trailer-exterior.png"",""/media/equipment-drive/refrigerated-trailers-and-containers/20ft-refrigerated-trailer-tier-1-4/refrigeration-trailer-rental-exterior.png"",""/media/equipment-drive/refrigerated-trailers-and-containers/20ft-refrigerated-trailer-tier-1-4/refrigeration-trailer-rental-fleet.png""]","fd4d3d35a1338e947ff6d9d9f2c890c20239680e2eb6833419da4dbcad7d4dce"
"/equipment-rental/handwashing-stations/","Portable Handwashing Stations Rental","1","true","[""/images/service-heroes/handwashing-sink-trailer/01-960.webp"",""/images/service-heroes/handwashing-sink-trailer/02-960.webp"",""/images/service-heroes/handwashing-sink-trailer/03-960.webp""]","cfcf3c4ed00a6e36bb56646c2842359ef0436e78218e6b8887a236428554fba1"
"/equipment-rental/laundry-trailers/","Laundry Trailer Rental","1","true","[""/media/equipment-drive/laundry-trailers-and-containers/30ft-laundry-trailer-10-washer-dryer/mobile-laundry-trailer-commercial-washers-dryers.png""]","32faff01cc18835596aae51a69e8c0344591d87cad770c7c92e557f24d92bdec"
"/equipment-rental/mobile-kitchen-trailers/","Kitchen Trailer Rental","1","true","[""/media/equipment-drive/mobile-kitchens/24ft-mobile-kitchen/portable-commercial-kitchen-trailer-interior.png"",""/media/equipment-drive/mobile-kitchens/24ft-mobile-kitchen/mobile-commercial-kitchen-entry-view.png"",""/media/equipment-drive/mobile-kitchens/24ft-mobile-kitchen/mobile-kitchen-trailer-prep-counter.png"",""/media/equipment-drive/mobile-kitchens/24ft-mobile-kitchen/commercial-six-burner-gas-range.png"",""/media/equipment-drive/mobile-kitchens/24ft-mobile-kitchen/mobile-kitchen-trailer-exterior-service-window.png""]","0ce9ee312bb257e333c85f07c87cde9793ee4241bc33466b91de62a4520c392c"
"/equipment-rental/mobile-sleep-trailers/","Sleeper Bunk-Bed Facility Rental","1","true","[""/media/equipment-drive/sleeper-and-accommodation/sleeper-trailer-2-stalls/sleeper-trailer-2-stall-bunk-bed-interior.png"",""/media/equipment-drive/sleeper-and-accommodation/sleeper-trailer-2-stalls/sleeper-trailer-2-stall-sleeping-room.png""]","406b5c7321fae0bd65ddb93b1395f3c23df2b2b8bf6ea0f4d53759b56c40645b"
"/equipment-rental/refrigerated-containers/","40ft Refrigerated Container Rental","1","true","[""/images/catalog/refrigerated-containers-960.webp""]","0a2d1b87cb21c91623ff7d467769859e2afb202731e9ec9dc0468f7df2b84f4f"
"/equipment-rental/refrigeration/","Refrigerated Trailer Rental","1","true","[""/media/equipment-drive/refrigerated-trailers-and-containers/20ft-refrigerated-trailer-tier-1-4/refrigerated-trailer-interior-cooling-system.png""]","f60a76974e111ecf92257a745509e12c6e7f65597b50803145f75d2ce98cb037"
"/equipment-rental/shower-trailer/","Emergency Shower Trailer Rental","1","true","[""/media/equipment-drive/shower-trailers/20-ft-shower-trailer-5-stalls-with-handwashing-sink/mobile-shower-trailer-wash-station.png"",""/media/equipment-drive/shower-trailers/20-ft-shower-trailer-5-stalls-with-handwashing-sink/multi-station-shower-trailer-exterior.png"",""/media/equipment-drive/shower-trailers/20-ft-shower-trailer-5-stalls-with-handwashing-sink/private-shower-trailer-stall-interior.png"",""/media/equipment-drive/shower-trailers/20-ft-shower-trailer-5-stalls-with-handwashing-sink/shower-trailer-exterior-with-private-shower-stall.png"",""/media/equipment-drive/shower-trailers/20-ft-shower-trailer-5-stalls-with-handwashing-sink/shower-trailer-rear-exterior-view.png"",""/media/equipment-drive/shower-trailers/20-ft-shower-trailer-5-stalls-with-handwashing-sink/shower-trailer-sink-and-mirror-area.png""]","2a187c6156dd32dbc1ddd98b230096d0a97cbb6990ec0714dd402c851961a743"
"/portable-dishwashing-trailer-rental/","Dishwashing Trailer Rental","1","true","[""/media/equipment-drive/dishwashing-trailers/22-26ft-low-temp-dish-trailer-tier-1-4/commercial-dish-trailer-stainless-workstation.png"",""/media/equipment-drive/dishwashing-trailers/22-26ft-low-temp-dish-trailer-tier-1-4/dish-trailer-commercial-dishwasher.png"",""/media/equipment-drive/dishwashing-trailers/22-26ft-low-temp-dish-trailer-tier-1-4/dish-trailer-handwashing-station.png"",""/media/equipment-drive/dishwashing-trailers/22-26ft-low-temp-dish-trailer-tier-1-4/dish-trailer-three-compartment-sink.png"",""/media/equipment-drive/dishwashing-trailers/22-26ft-low-temp-dish-trailer-tier-1-4/dish-trailer-utility-sink-storage-racks.png"",""/media/equipment-drive/dishwashing-trailers/22-26ft-low-temp-dish-trailer-tier-1-4/dishwashing-trailer-wash-rinse-sanitize-sink.png"",""/media/equipment-drive/dishwashing-trailers/22-26ft-low-temp-dish-trailer-tier-1-4/mobile-dish-trailer-interior.png"",""/media/equipment-drive/dishwashing-trailers/22-26ft-low-temp-dish-trailer-tier-1-4/dish-trailer-rental-exterior.png""]","69abda203e5186d0fab26e7b099d6d5fb1444e08310206890f324e79cd155c92"
"/remote-containerized-military-berthing-solution-for-rent/","Containerized Sleeper Units Rental","1","true","[""/media/4b67ae2ec507c379fdf9a7e3.png"",""/media/599283a9ef6bf5d260ca0648.png"",""/media/16e1edca80af2743a382280b.png"",""/media/d4284cb63385949087e03ee9.png"",""/media/9b8c1d6a8e92cd55cd909891.png"",""/media/6ec88e391d22b5c6ce13ebb3.png""]","2df44678345854ca7c5b3511c8297bdc1cdfc093dac088c3e0c56147513879d3"
"/services/dishwashing-trailers/38ft-conveyor/","38ft Conveyor Dishwashing Trailer Rental","1","true","[""/images/service-heroes/38ft-high-temp-dish/01-960.webp"",""/images/service-heroes/38ft-high-temp-dish/02-960.webp"",""/images/service-heroes/38ft-high-temp-dish/03-960.webp"",""/images/service-heroes/38ft-high-temp-dish/04-960.webp"",""/images/service-heroes/38ft-high-temp-dish/05-960.webp"",""/images/service-heroes/38ft-high-temp-dish/06-960.webp"",""/images/service-heroes/38ft-high-temp-dish/07-960.webp"",""/images/service-heroes/38ft-high-temp-dish/08-960.webp"",""/images/service-heroes/38ft-high-temp-dish/09-960.webp"",""/images/service-heroes/38ft-high-temp-dish/10-960.webp""]","16a52475751ada96ce89553093f710d8f8d573d5773b879513e4fcbeed542d1e"
"/services/laundry-trailers/30ft/","30ft Mobile Laundry Trailer Rental","1","true","[""/media/equipment-drive/laundry-trailers-and-containers/30ft-laundry-trailer-10-washer-dryer/mobile-laundry-trailer-commercial-washers-dryers.png""]","dbce9d38204b1912a55a97892fb3b0e3d31e3054b02726cb558a8e9082111b0f"
"/services/mobile-kitchen-trailers/24ft/","24ft Mobile Kitchen Trailer Rental","1","true","[""/images/service-heroes/24ft-mobile-kitchen/01-960.webp"",""/images/service-heroes/24ft-mobile-kitchen/03-960.webp"",""/images/service-heroes/24ft-mobile-kitchen/04-960.webp"",""/images/service-heroes/24ft-mobile-kitchen/05-960.webp"",""/images/service-heroes/24ft-mobile-kitchen/02-960.webp""]","6eca72c5943c983985cd2a443e869ff62a188f23d33994734ab390a51c4c2afa"
"/services/mobile-kitchen-trailers/28ft/","28ft Mobile Kitchen Trailer Rental","1","true","[""/images/service-heroes/28ft-mobile-kitchen/01-960.webp"",""/images/service-heroes/28ft-mobile-kitchen/02-960.webp"",""/images/service-heroes/28ft-mobile-kitchen/03-960.webp"",""/images/service-heroes/28ft-mobile-kitchen/05-960.webp"",""/images/service-heroes/28ft-mobile-kitchen/04-960.webp"",""/images/service-heroes/28ft-mobile-kitchen/06-960.webp"",""/images/service-heroes/28ft-mobile-kitchen/07-960.webp""]","cbcf8a10f7ab0dfe2694c7960c27c114e9a0fa9829176ff2f3696451dc3a1035"
"/services/mobile-kitchen-trailers/38ft/","38ft Mobile Kitchen Trailer Rental","1","true","[""/images/service-heroes/38ft-mobile-kitchen/01-960.webp"",""/images/service-heroes/38ft-mobile-kitchen/02-960.webp""]","4e054caf715e9782bfedd5e584e74af9d92a61485d24ed52edb34bebbbcd286b"
"/services/mobile-kitchen-trailers/40ft-bulk-combination/","40ft Bulk Combination Mobile Kitchen Rental","1","true","[""/images/service-heroes/40ft-bulk-combination-kitchen/01-960.webp"",""/images/service-heroes/40ft-bulk-combination-kitchen/02-960.webp"",""/images/service-heroes/40ft-bulk-combination-kitchen/03-960.webp"",""/images/service-heroes/40ft-bulk-combination-kitchen/04-960.webp"",""/images/service-heroes/40ft-bulk-combination-kitchen/05-960.webp"",""/images/service-heroes/40ft-bulk-combination-kitchen/06-960.webp""]","c79515b7ed899680d6323652211bbf3f8b6911cf13a270c1ea8655c36035a978"
"/services/mobile-kitchen-trailers/40ft-combination/","40ft Combination Mobile Kitchen Rental","1","true","[""/images/service-heroes/40ft-combination-kitchen/01-960.webp"",""/images/service-heroes/40ft-combination-kitchen/03-960.webp"",""/images/service-heroes/40ft-combination-kitchen/04-960.webp"",""/images/service-heroes/40ft-combination-kitchen/05-960.webp"",""/images/service-heroes/40ft-combination-kitchen/06-960.webp"",""/images/service-heroes/40ft-combination-kitchen/07-960.webp"",""/images/service-heroes/40ft-combination-kitchen/08-960.webp"",""/images/service-heroes/40ft-combination-kitchen/09-960.webp"",""/images/service-heroes/40ft-combination-kitchen/02-960.webp""]","6f26d3bdad4492bbe33fd650e033c5be6d390e2d5bd31b8d96f6bc7e56cf193c"
"/services/mobile-kitchen-trailers/40ft/","40ft Mobile Kitchen Trailer Rental","1","true","[""/images/service-heroes/40ft-mobile-kitchen/01-960.webp"",""/images/service-heroes/40ft-mobile-kitchen/02-960.webp"",""/images/service-heroes/40ft-mobile-kitchen/03-960.webp"",""/images/service-heroes/40ft-mobile-kitchen/04-960.webp"",""/images/service-heroes/40ft-mobile-kitchen/05-960.webp"",""/images/service-heroes/40ft-mobile-kitchen/06-960.webp"",""/images/service-heroes/40ft-mobile-kitchen/07-960.webp"",""/images/service-heroes/40ft-mobile-kitchen/08-960.webp"",""/images/service-heroes/40ft-mobile-kitchen/09-960.webp"",""/images/service-heroes/40ft-mobile-kitchen/10-960.webp""]","3b3f7d20a8e4299fcba07ea2db4a43de57c2a273ed4be82e84d78f4ef33f38b8"
"/services/mobile-sleeper-trailers/20ft-contractor/","20ft Contractor Sleeper Trailer Rental","1","true","[""/media/equipment-drive/sleeper-and-accommodation/20ft-accommodation-contractor/20ft-accommodation-unit-bunk-bed-interior.png"",""/media/equipment-drive/sleeper-and-accommodation/20ft-accommodation-contractor/20ft-mobile-accommodation-bunk-room-interior.png""]","f8e66d4217e7ff992b12c08f50578dbec99a6e5fe016bedd71c949a5951e4f89"
"/services/mobile-sleeper-trailers/20ft-shared/","20ft Shared Sleeper Trailer Rental","1","true","[""/media/4b67ae2ec507c379fdf9a7e3.png"",""/media/599283a9ef6bf5d260ca0648.png"",""/media/1ac07501887589e4f0c3060e.png""]","8458d6c8a48994f628d3c72197cf7a4bd50721d3c65228b0d64c7c0894e6322a"
"/services/mobile-sleeper-trailers/20ft-vip/","20ft VIP Sleeper Trailer Rental","1","true","[""/media/equipment-drive/sleeper-and-accommodation/20ft-accommodation-vip/20ft-vip-accommodation-private-room.png""]","d0fcc49ca9d06e571760119c4afd309ccf6d8885bac84b074b45da97f424e7e2"
"/services/shower-containers/20ft-5-stall/","20 ft 5-Stall Shower Container Rental","1","true","[""/images/service-heroes/20ft-shower-container/01-960.webp"",""/images/service-heroes/20ft-shower-container/02-960.webp"",""/images/service-heroes/20ft-shower-container/03-960.webp"",""/images/service-heroes/20ft-shower-container/04-960.webp""]","7490dfee3bb45f5dfafafeb4abb8d1d64086ae2d9f23300c6e05557f4c6af7bf"
"/services/shower-restroom-combination-trailers/","Shower and Restroom Combination Trailer Rental","1","true","[""/media/equipment-drive/luxury-shower-restroom-combination-trailers/22ft-luxury-shower-restroom-combination-trailer-6-stalls/luxury-6-stall-shower-restroom-trailer-entry-steps.png"",""/media/equipment-drive/luxury-shower-restroom-combination-trailers/22ft-luxury-shower-restroom-combination-trailer-6-stalls/luxury-shower-restroom-trailer-sink-vanity-interior.png"",""/media/equipment-drive/luxury-shower-restroom-combination-trailers/22ft-luxury-shower-restroom-combination-trailer-6-stalls/22ft-6-stall-shower-restroom-trailer-exterior.png"",""/media/equipment-drive/luxury-shower-restroom-combination-trailers/22ft-luxury-shower-restroom-combination-trailer-6-stalls/22ft-luxury-shower-restroom-combination-trailer-6-stall-exterior.png"",""/media/equipment-drive/luxury-shower-restroom-combination-trailers/22ft-luxury-shower-restroom-combination-trailer-6-stalls/luxury-shower-restroom-trailer-private-shower-stall.png""]","f944358fab22f373e6e3b179b7b94f138bcd211a329a3a02748c343ef89cc93b"
"/services/shower-restroom-combination-trailers/13ft-3-stall/","13 ft 3-Stall Shower and Restroom Combination Trailer Rental","1","true","[""/images/service-heroes/13ft-shower-restroom-combination/01-960.webp"",""/images/service-heroes/13ft-shower-restroom-combination/02-960.webp""]","9f748772d2d723e13ee327ac586abfd9f8bcde7c18ce14ecb6812b18d5f44f06"
"/services/shower-restroom-combination-trailers/22ft-6-stall/","22 ft 6-Stall Shower and Restroom Combination Trailer Rental","1","true","[""/images/service-heroes/22ft-shower-restroom-combination/01-960.webp"",""/images/service-heroes/22ft-shower-restroom-combination/04-960.webp"",""/images/service-heroes/22ft-shower-restroom-combination/02-960.webp"",""/images/service-heroes/22ft-shower-restroom-combination/03-960.webp"",""/images/service-heroes/22ft-shower-restroom-combination/05-960.webp""]","9491bc643d00047592e68ec51ba4230143872f3ed1144190b7b46ba5f0573b60"
"/services/shower-restroom-combination-trailers/30ft-8-stall/","30 ft 8-Stall Shower and Restroom Combination Trailer Rental","1","true","[""/images/service-heroes/30ft-shower-restroom-combination/01-960.webp""]","ef0d3bddbbc8dcab0ec5b753866a9dedda74547806cbc72c1c5d6e6462d9dda9"