"kind","route","title","status","groups","errors"
"page","/20ft-refrigeration-trailers/","20ft Refrigeration Trailer Rental","PASS","[{""kind"":""page"",""route"":""/20ft-refrigeration-trailers/"",""title"":""20ft Refrigeration Trailer Rental"",""gallery"":1,""label"":""20ft Refrigeration Trailer images"",""caption"":""Reference photos for the 20 ft refrigerated trailer option. Exterior and fleet reference views do not establish one physical unit; confirm the supplied unit with your quote."",""slides"":[{""position"":1,""original"":""/media/equipment-drive/refrigerated-trailers-and-containers/20ft-refrigerated-trailer-tier-1-4/refrigerated-trailer-interior-cooling-system.png"",""src"":""/images/location-verified/87e877cda19ee1b0f5d2-960.webp"",""srcSet"":""/images/location-verified/87e877cda19ee1b0f5d2-480.webp 480w, /images/location-verified/87e877cda19ee1b0f5d2-960.webp 960w"",""alt"":""Insulated refrigerated interior with metal walls and a ceiling-mounted cooling unit"",""reviewId"":""19.02"",""family"":""refrigerated-trailer"",""model"":""model-19"",""declaredView"":""interior"",""visualView"":""interior"",""reviewKey"":""V028"",""visualBasis"":""Interior reference shared with the container by April; classification does not change that narrow permission."",""sha256"":""87e877cda19ee1b0f5d2cacd0e626519c14a0aec97c93b63aa98aec4f6238f56""},{""position"":2,""original"":""/media/equipment-drive/refrigerated-trailers-and-containers/20ft-refrigerated-trailer-tier-1-4/refrigeration-trailer-stainless-steel-interior.png"",""src"":""/images/location-verified/b5666e7c4ab955192cd5-960.webp"",""srcSet"":""/images/location-verified/b5666e7c4ab955192cd5-480.webp 480w, /images/location-verified/b5666e7c4ab955192cd5-960.webp 960w"",""alt"":""Opposite-end view of the insulated refrigerated interior and cooling equipment"",""reviewId"":""19.05"",""family"":""refrigerated-trailer"",""model"":""model-19"",""declaredView"":""interior"",""visualView"":""interior"",""reviewKey"":""V029"",""visualBasis"":""Visually inspected full assigned photo in the numbered contact sheet."",""sha256"":""b5666e7c4ab955192cd524b086ec8d802c6679bb63c03077d8897f6049c81870""},{""position"":3,""original"":""/media/equipment-drive/refrigerated-trailers-and-containers/20ft-refrigerated-trailer-tier-1-4/portable-refrigeration-trailer-exterior.png"",""src"":""/images/location-verified/e9c8eac1a713a04ea72f-960.webp"",""srcSet"":""/images/location-verified/e9c8eac1a713a04ea72f-480.webp 480w, /images/location-verified/e9c8eac1a713a04ea72f-960.webp 960w"",""alt"":""Enclosed refrigerated trailer exterior with side access door"",""reviewId"":""19.01"",""family"":""refrigerated-trailer"",""model"":""model-19"",""declaredView"":""exterior"",""visualView"":""exterior"",""reviewKey"":""V030"",""visualBasis"":""Visually inspected full assigned photo in the numbered contact sheet."",""sha256"":""e9c8eac1a713a04ea72fb8016595e6394545dba575eb4cd0c19269c0427dd9c0""},{""position"":4,""original"":""/media/equipment-drive/refrigerated-trailers-and-containers/20ft-refrigerated-trailer-tier-1-4/refrigeration-trailer-rental-exterior.png"",""src"":""/images/location-verified/6620814f30241303945e-960.webp"",""srcSet"":""/images/location-verified/6620814f30241303945e-480.webp 480w, /images/location-verified/6620814f30241303945e-960.webp 960w"",""alt"":""Refrigeration support units beside a shared loading and access walkway"",""reviewId"":""19.03"",""family"":""refrigerated-trailer"",""model"":""model-19"",""declaredView"":""exterior"",""visualView"":""exterior"",""reviewKey"":""V031"",""visualBasis"":""Visually inspected full assigned photo in the numbered contact sheet."",""sha256"":""6620814f30241303945e00f3a07e81affe47fd5f2d956506f973e76b197d56aa""},{""position"":5,""original"":""/media/equipment-drive/refrigerated-trailers-and-containers/20ft-refrigerated-trailer-tier-1-4/refrigeration-trailer-rental-fleet.png"",""src"":""/images/location-verified/e6fafa4c81cad96b3682-960.webp"",""srcSet"":""/images/location-verified/e6fafa4c81cad96b3682-480.webp 480w, /images/location-verified/e6fafa4c81cad96b3682-960.webp 960w"",""alt"":""Refrigerated trailer exterior beside a commercial building"",""reviewId"":""19.04"",""family"":""refrigerated-trailer"",""model"":""model-19"",""declaredView"":""exterior"",""visualView"":""exterior"",""reviewKey"":""V032"",""visualBasis"":""Visually inspected full assigned photo in the numbered contact sheet."",""sha256"":""e6fafa4c81cad96b3682cef7854e1814bf9044ff5b2b29c5c28d6dcbc560d428""}],""errors"":[],""interiorCount"":2,""exteriorCount"":3,""planCount"":0,""lastInteriorPosition"":2,""firstExteriorPosition"":3,""orderChanged"":false,""viewLabelsChanged"":[],""status"":""PASS""}]","[]"
"page","/equipment-rental/handwashing-stations/","Portable Handwashing Stations Rental","PASS","[{""kind"":""page"",""route"":""/equipment-rental/handwashing-stations/"",""title"":""Portable Handwashing Stations Rental"",""gallery"":1,""label"":""Portable Handwashing Stations images"",""caption"":""Verified Portable Handwashing Stations equipment photography. Confirm the available unit's floor plan before booking."",""slides"":[{""position"":1,""original"":""/images/service-heroes/handwashing-sink-trailer/01-960.webp"",""src"":""/images/service-heroes/handwashing-sink-trailer/01-960.webp"",""srcSet"":""/images/service-heroes/handwashing-sink-trailer/01-480.webp 480w, /images/service-heroes/handwashing-sink-trailer/01-960.webp 960w"",""alt"":""Two banks of sinks under awnings on a commercial handwashing trailer"",""reviewId"":"""",""family"":"""",""model"":"""",""declaredView"":""exterior"",""visualView"":""exterior"",""reviewKey"":""V047"",""visualBasis"":""External handwashing trailer under an awning; prior detail label incorrectly implied an interior. View corrected to exterior only."",""sha256"":""9d146ed0afbf2787c69f775bb33457a58d2fddbf90700f5984e5d4bea4ba8f7c""},{""position"":2,""original"":""/images/service-heroes/handwashing-sink-trailer/02-960.webp"",""src"":""/images/service-heroes/handwashing-sink-trailer/02-960.webp"",""srcSet"":""/images/service-heroes/handwashing-sink-trailer/02-480.webp 480w, /images/service-heroes/handwashing-sink-trailer/02-960.webp 960w"",""alt"":""Six-sink commercial handwashing trailer in an industrial lot"",""reviewId"":"""",""family"":"""",""model"":"""",""declaredView"":""exterior"",""visualView"":""exterior"",""reviewKey"":""V048"",""visualBasis"":""Visually inspected full assigned photo in the numbered contact sheet."",""sha256"":""06f0716512a430a8e7b941d53be57ec7439d257325bf3ed309a8a45f492f67c8""},{""position"":3,""original"":""/images/service-heroes/handwashing-sink-trailer/03-960.webp"",""src"":""/images/service-heroes/handwashing-sink-trailer/03-960.webp"",""srcSet"":""/images/service-heroes/handwashing-sink-trailer/03-480.webp 480w, /images/service-heroes/handwashing-sink-trailer/03-960.webp 960w"",""alt"":""Commercial handwashing trailer with deployed sinks and awning"",""reviewId"":"""",""family"":"""",""model"":"""",""declaredView"":""exterior"",""visualView"":""exterior"",""reviewKey"":""V049"",""visualBasis"":""Visually inspected full assigned photo in the numbered contact sheet."",""sha256"":""15bf28da165ff5389335dcf7e819bee3b7c13a7d36be91212a8fcef2f69c48e1""}],""errors"":[],""interiorCount"":0,""exteriorCount"":3,""planCount"":0,""lastInteriorPosition"":null,""firstExteriorPosition"":1,""orderChanged"":false,""viewLabelsChanged"":[""/images/service-heroes/handwashing-sink-trailer/01-960.webp""],""status"":""PASS""}]","[]"
"page","/equipment-rental/laundry-trailers/","Laundry Trailer Rental","PASS","[{""kind"":""page"",""route"":""/equipment-rental/laundry-trailers/"",""title"":""Laundry Trailer Rental"",""gallery"":1,""label"":""30 ft Laundry Trailer photography images"",""caption"":""Interior reference from the supplied 30 ft laundry-trailer collection. Confirm the actual unit length, machine count and layout with your quote."",""slides"":[{""position"":1,""original"":""/media/equipment-drive/laundry-trailers-and-containers/30ft-laundry-trailer-10-washer-dryer/mobile-laundry-trailer-commercial-washers-dryers.png"",""src"":""/images/location-verified/8f2f634239040859c87a-960.webp"",""srcSet"":""/images/location-verified/8f2f634239040859c87a-480.webp 480w, /images/location-verified/8f2f634239040859c87a-960.webp 939w"",""alt"":""Laundry-room interior with washing machines, dryers and a central aisle"",""reviewId"":""08.01"",""family"":""laundry-trailer"",""model"":""model-08"",""declaredView"":""interior"",""visualView"":""interior"",""reviewKey"":""V024"",""visualBasis"":""Visually inspected full assigned photo in the numbered contact sheet."",""sha256"":""8f2f634239040859c87ae7205c3ab38c515b39f27a196a1900f6fea60eb0f13a""}],""errors"":[],""interiorCount"":1,""exteriorCount"":0,""planCount"":0,""lastInteriorPosition"":1,""firstExteriorPosition"":null,""orderChanged"":false,""viewLabelsChanged"":[],""status"":""PASS""}]","[]"
"page","/equipment-rental/mobile-kitchen-trailers/","Kitchen Trailer Rental","PASS","[{""kind"":""page"",""route"":""/equipment-rental/mobile-kitchen-trailers/"",""title"":""Kitchen Trailer Rental"",""gallery"":1,""label"":""24 ft Mobile Kitchen Trailer photography images"",""caption"":""Reviewed equipment reference images. Photos do not establish availability or a deployment in this location."",""slides"":[{""position"":1,""original"":""/media/equipment-drive/mobile-kitchens/24ft-mobile-kitchen/portable-commercial-kitchen-trailer-interior.png"",""src"":""/images/location-verified/d845978efea5edbfc3d7-960.webp"",""srcSet"":""/images/location-verified/d845978efea5edbfc3d7-480.webp 480w, /images/location-verified/d845978efea5edbfc3d7-960.webp 960w"",""alt"":""Mobile kitchen aisle with stainless counters and equipment"",""reviewId"":""12.05"",""family"":""mobile-kitchen"",""model"":""model-12"",""declaredView"":""interior"",""visualView"":""interior"",""reviewKey"":""V013"",""visualBasis"":""Visually inspected full assigned photo in the numbered contact sheet."",""sha256"":""d845978efea5edbfc3d78e4b0e9c1cf0069fb4454fb26a6d7e39bddd118dd57c""},{""position"":2,""original"":""/media/equipment-drive/mobile-kitchens/24ft-mobile-kitchen/mobile-commercial-kitchen-entry-view.png"",""src"":""/images/location-verified/39709c2b240b98d0ebca-960.webp"",""srcSet"":""/images/location-verified/39709c2b240b98d0ebca-480.webp 480w, /images/location-verified/39709c2b240b98d0ebca-960.webp 960w"",""alt"":""Mobile kitchen interior with cooking line and shelving"",""reviewId"":""12.02"",""family"":""mobile-kitchen"",""model"":""model-12"",""declaredView"":""interior"",""visualView"":""interior"",""reviewKey"":""V014"",""visualBasis"":""Visually inspected full assigned photo in the numbered contact sheet."",""sha256"":""39709c2b240b98d0ebca67ac208726f2bc05acdb9957a523305dfc959ef75141""},{""position"":3,""original"":""/media/equipment-drive/mobile-kitchens/24ft-mobile-kitchen/mobile-kitchen-trailer-prep-counter.png"",""src"":""/images/location-verified/dff88e39d64f5bc3f9bf-960.webp"",""srcSet"":""/images/location-verified/dff88e39d64f5bc3f9bf-480.webp 480w, /images/location-verified/dff88e39d64f5bc3f9bf-960.webp 960w"",""alt"":""Preparation counter inside the mobile kitchen"",""reviewId"":""12.04"",""family"":""mobile-kitchen"",""model"":""model-12"",""declaredView"":""interior"",""visualView"":""interior"",""reviewKey"":""V015"",""visualBasis"":""Visually inspected full assigned photo in the numbered contact sheet."",""sha256"":""dff88e39d64f5bc3f9bf9560c905bf0ced088cc41ba3cab3a596d40a8e4c56ba""},{""position"":4,""original"":""/media/equipment-drive/mobile-kitchens/24ft-mobile-kitchen/commercial-six-burner-gas-range.png"",""src"":""/images/location-verified/98a5ea41d685c77ba534-960.webp"",""srcSet"":""/images/location-verified/98a5ea41d685c77ba534-480.webp 480w, /images/location-verified/98a5ea41d685c77ba534-960.webp 960w"",""alt"":""Gas range inside the mobile kitchen"",""reviewId"":""12.01"",""family"":""mobile-kitchen"",""model"":""model-12"",""declaredView"":""interior"",""visualView"":""interior"",""reviewKey"":""V016"",""visualBasis"":""Visually inspected full assigned photo in the numbered contact sheet."",""sha256"":""98a5ea41d685c77ba53495b3c92cd094c006dc48de4b3f0b9d11be1e1e784b2b""},{""position"":5,""original"":""/media/equipment-drive/mobile-kitchens/24ft-mobile-kitchen/mobile-kitchen-trailer-exterior-service-window.png"",""src"":""/images/location-verified/40d9bf96b7be94de0552-960.webp"",""srcSet"":""/images/location-verified/40d9bf96b7be94de0552-480.webp 480w, /images/location-verified/40d9bf96b7be94de0552-960.webp 960w"",""alt"":""Exterior service window on the mobile kitchen trailer"",""reviewId"":""12.03"",""family"":""mobile-kitchen"",""model"":""model-12"",""declaredView"":""exterior"",""visualView"":""exterior"",""reviewKey"":""V017"",""visualBasis"":""Visually inspected full assigned photo in the numbered contact sheet."",""sha256"":""40d9bf96b7be94de0552f1b44baa627a8bb59f0eff6c2c7805d175c877a1fcfd""}],""errors"":[],""interiorCount"":4,""exteriorCount"":1,""planCount"":0,""lastInteriorPosition"":4,""firstExteriorPosition"":5,""orderChanged"":false,""viewLabelsChanged"":[],""status"":""PASS""}]","[]"
"page","/equipment-rental/mobile-sleep-trailers/","Sleeper Bunk-Bed Facility Rental","PASS","[{""kind"":""page"",""route"":""/equipment-rental/mobile-sleep-trailers/"",""title"":""Sleeper Bunk-Bed Facility Rental"",""gallery"":1,""label"":""Two-Stall Sleeper Trailer photography images"",""caption"":""Interior reference photos for the two-stall sleeper option. Overall length and exterior configuration are not established by these interior views."",""slides"":[{""position"":1,""original"":""/media/equipment-drive/sleeper-and-accommodation/sleeper-trailer-2-stalls/sleeper-trailer-2-stall-bunk-bed-interior.png"",""src"":""/images/location-verified/30ed74f6a1ad4d9343eb-960.webp"",""srcSet"":""/images/location-verified/30ed74f6a1ad4d9343eb-480.webp 480w, /images/location-verified/30ed74f6a1ad4d9343eb-960.webp 960w"",""alt"":""Bunk-bed sleeping-room interior in the two-stall sleeper reference set"",""reviewId"":""24.01"",""family"":""sleeper-trailer"",""model"":""april-two-stall-sleeper"",""declaredView"":""interior"",""visualView"":""interior"",""reviewKey"":""V018"",""visualBasis"":""Visually inspected full assigned photo in the numbered contact sheet."",""sha256"":""30ed74f6a1ad4d9343eb450ccd325c2a586d9968d356f6163badc99b981e3052""},{""position"":2,""original"":""/media/equipment-drive/sleeper-and-accommodation/sleeper-trailer-2-stalls/sleeper-trailer-2-stall-sleeping-room.png"",""src"":""/images/location-verified/fe6c68b1dc9123c64e49-960.webp"",""srcSet"":""/images/location-verified/fe6c68b1dc9123c64e49-480.webp 480w, /images/location-verified/fe6c68b1dc9123c64e49-960.webp 960w"",""alt"":""Doorway view of the bunk-bed room in the two-stall sleeper reference set"",""reviewId"":""24.08"",""family"":""sleeper-trailer"",""model"":""april-two-stall-sleeper"",""declaredView"":""interior"",""visualView"":""interior"",""reviewKey"":""V019"",""visualBasis"":""Visually inspected full assigned photo in the numbered contact sheet."",""sha256"":""fe6c68b1dc9123c64e49302d9f1481119b9209b3a9a4e7d3af0c2c5990221b7e""}],""errors"":[],""interiorCount"":2,""exteriorCount"":0,""planCount"":0,""lastInteriorPosition"":2,""firstExteriorPosition"":null,""orderChanged"":false,""viewLabelsChanged"":[],""status"":""PASS""}]","[]"
"page","/equipment-rental/refrigerated-containers/","40ft Refrigerated Container Rental","PASS","[{""kind"":""page"",""route"":""/equipment-rental/refrigerated-containers/"",""title"":""40ft Refrigerated Container Rental"",""gallery"":1,""label"":""40ft Refrigerated Container images"",""caption"":""Reviewed equipment reference images. Photos do not establish availability or a deployment in this location."",""slides"":[{""position"":1,""original"":""/images/catalog/refrigerated-containers-960.webp"",""src"":""/images/location-verified/a881a4293bdbc0e51fa8-960.webp"",""srcSet"":""/images/location-verified/a881a4293bdbc0e51fa8-960.webp 313w"",""alt"":""Refrigerated shipping container with an end-mounted cooling unit"",""reviewId"":""catalog-reefer"",""family"":""refrigerated-container"",""model"":""reefer-catalog"",""declaredView"":""exterior"",""visualView"":""exterior"",""reviewKey"":""V050"",""visualBasis"":""Visually inspected full assigned photo in the numbered contact sheet."",""sha256"":""a881a4293bdbc0e51fa804da866c5981b6091be532948a88afc34619e370cdd0""}],""errors"":[],""interiorCount"":0,""exteriorCount"":1,""planCount"":0,""lastInteriorPosition"":null,""firstExteriorPosition"":1,""orderChanged"":false,""viewLabelsChanged"":[],""status"":""PASS""}]","[]"
"page","/equipment-rental/refrigeration/","Refrigerated Trailer Rental","PASS","[{""kind"":""page"",""route"":""/equipment-rental/refrigeration/"",""title"":""Refrigerated Trailer Rental"",""gallery"":1,""label"":""20 ft Refrigerated Container photography images"",""caption"":""Interior reference for the 20 ft refrigerated container option. The same interior reference is used for the 20 ft trailer; no container exterior is pictured."",""slides"":[{""position"":1,""original"":""/media/equipment-drive/refrigerated-trailers-and-containers/20ft-refrigerated-trailer-tier-1-4/refrigerated-trailer-interior-cooling-system.png"",""src"":""/images/location-verified/87e877cda19ee1b0f5d2-960.webp"",""srcSet"":""/images/location-verified/87e877cda19ee1b0f5d2-480.webp 480w, /images/location-verified/87e877cda19ee1b0f5d2-960.webp 960w"",""alt"":""Insulated refrigerated interior with metal walls and a ceiling-mounted cooling unit"",""reviewId"":""april-container-19-02"",""family"":""refrigerated-container"",""model"":""april-20ft-refrigerated-container"",""declaredView"":""interior"",""visualView"":""interior"",""reviewKey"":""V028"",""visualBasis"":""Interior reference shared with the container by April; classification does not change that narrow permission."",""sha256"":""87e877cda19ee1b0f5d2cacd0e626519c14a0aec97c93b63aa98aec4f6238f56""}],""errors"":[],""interiorCount"":1,""exteriorCount"":0,""planCount"":0,""lastInteriorPosition"":1,""firstExteriorPosition"":null,""orderChanged"":false,""viewLabelsChanged"":[],""status"":""PASS""}]","[]"
"page","/equipment-rental/shower-trailer/","Emergency Shower Trailer Rental","PASS","[{""kind"":""page"",""route"":""/equipment-rental/shower-trailer/"",""title"":""Emergency Shower Trailer Rental"",""gallery"":1,""label"":""20 ft Shower Trailer photography images"",""caption"":""20 ft, five-stall shower-trailer reference set with external handwashing sinks. These are not photographs of the separate 22 ft, ten-stall option. Confirm the available unit with your quote."",""slides"":[{""position"":1,""original"":""/media/equipment-drive/shower-trailers/20-ft-shower-trailer-5-stalls-with-handwashing-sink/mobile-shower-trailer-wash-station.png"",""src"":""/images/location-verified/dabab6914d03a327f753-960.webp"",""srcSet"":""/images/location-verified/dabab6914d03a327f753-480.webp 480w, /images/location-verified/dabab6914d03a327f753-960.webp 960w"",""alt"":""Private shower-only stall with overhead shower and hand shower"",""reviewId"":""21.01"",""family"":""shower-trailer"",""model"":""model-21"",""declaredView"":""interior"",""visualView"":""interior"",""reviewKey"":""V001"",""visualBasis"":""Visually inspected full assigned photo in the numbered contact sheet."",""sha256"":""dabab6914d03a327f753ae7074f3355b156e5325cbff71fa3dca2823299cdd46""},{""position"":2,""original"":""/media/equipment-drive/shower-trailers/20-ft-shower-trailer-5-stalls-with-handwashing-sink/multi-station-shower-trailer-exterior.png"",""src"":""/images/location-verified/c8e61016692cc24ed87e-960.webp"",""srcSet"":""/images/location-verified/c8e61016692cc24ed87e-480.webp 480w, /images/location-verified/c8e61016692cc24ed87e-960.webp 960w"",""alt"":""Rear exterior of the shower-only trailer inside a warehouse"",""reviewId"":""21.02"",""family"":""shower-trailer"",""model"":""model-21"",""declaredView"":""exterior"",""visualView"":""exterior"",""reviewKey"":""V002"",""visualBasis"":""Visually inspected full assigned photo in the numbered contact sheet."",""sha256"":""c8e61016692cc24ed87e1535eb1d0bdab31df836eed8301a227f2805021d8ab8""},{""position"":3,""original"":""/media/equipment-drive/shower-trailers/20-ft-shower-trailer-5-stalls-with-handwashing-sink/private-shower-trailer-stall-interior.png"",""src"":""/images/location-verified/13d11fc194e658fa5c5b-960.webp"",""srcSet"":""/images/location-verified/13d11fc194e658fa5c5b-480.webp 480w, /images/location-verified/13d11fc194e658fa5c5b-960.webp 960w"",""alt"":""External handwashing sinks at the rear of the shower trailer"",""reviewId"":""21.04"",""family"":""shower-trailer"",""model"":""model-21"",""declaredView"":""exterior"",""visualView"":""exterior"",""reviewKey"":""V003"",""visualBasis"":""Despite the interior filename, the full photo shows an external sink bank, trailer rear lights, stabilizers and warehouse floor."",""sha256"":""13d11fc194e658fa5c5be33c3852191cec58b21c55db2108cd78c9949335c703""},{""position"":4,""original"":""/media/equipment-drive/shower-trailers/20-ft-shower-trailer-5-stalls-with-handwashing-sink/shower-trailer-exterior-with-private-shower-stall.png"",""src"":""/images/location-verified/7891e17e60628430980f-960.webp"",""srcSet"":""/images/location-verified/7891e17e60628430980f-480.webp 480w, /images/location-verified/7891e17e60628430980f-960.webp 960w"",""alt"":""Private external entrances on the shower-only trailer"",""reviewId"":""21.05"",""family"":""shower-trailer"",""model"":""model-21"",""declaredView"":""exterior"",""visualView"":""exterior"",""reviewKey"":""V004"",""visualBasis"":""Visually inspected full assigned photo in the numbered contact sheet."",""sha256"":""7891e17e60628430980fd835fc4690a6d189017a7d86e7aad7840960bc1ad55a""},{""position"":5,""original"":""/media/equipment-drive/shower-trailers/20-ft-shower-trailer-5-stalls-with-handwashing-sink/shower-trailer-rear-exterior-view.png"",""src"":""/images/location-verified/ea9f8d1cea1ede56e56f-960.webp"",""srcSet"":""/images/location-verified/ea9f8d1cea1ede56e56f-480.webp 480w, /images/location-verified/ea9f8d1cea1ede56e56f-960.webp 960w"",""alt"":""Angled exterior view of the shower-only trailer inside a warehouse"",""reviewId"":""21.07"",""family"":""shower-trailer"",""model"":""model-21"",""declaredView"":""exterior"",""visualView"":""exterior"",""reviewKey"":""V005"",""visualBasis"":""Visually inspected full assigned photo in the numbered contact sheet."",""sha256"":""ea9f8d1cea1ede56e56f5ac0e706547f4decfd5b5a75076ea08db176377910da""},{""position"":6,""original"":""/media/equipment-drive/shower-trailers/20-ft-shower-trailer-5-stalls-with-handwashing-sink/shower-trailer-sink-and-mirror-area.png"",""src"":""/images/location-verified/45b677c4b981464953cc-960.webp"",""srcSet"":""/images/location-verified/45b677c4b981464953cc-480.webp 480w, /images/location-verified/45b677c4b981464953cc-960.webp 960w"",""alt"":""Externally accessible sinks and mirrors on the shower trailer"",""reviewId"":""21.08"",""family"":""shower-trailer"",""model"":""model-21"",""declaredView"":""exterior"",""visualView"":""exterior"",""reviewKey"":""V006"",""visualBasis"":""Externally accessed sink and mirror bank; trailer tail lights and warehouse floor are visible."",""sha256"":""45b677c4b981464953cc49dbbfcec39c5ad82a23b6094f2b547fb4b3889da98e""}],""errors"":[],""interiorCount"":1,""exteriorCount"":5,""planCount"":0,""lastInteriorPosition"":1,""firstExteriorPosition"":2,""orderChanged"":false,""viewLabelsChanged"":[],""status"":""PASS""}]","[]"
"page","/portable-dishwashing-trailer-rental/","Dishwashing Trailer Rental","PASS","[{""kind"":""page"",""route"":""/portable-dishwashing-trailer-rental/"",""title"":""Dishwashing Trailer Rental"",""gallery"":1,""label"":""Dishwashing Trailer photography images"",""caption"":""Reviewed equipment reference images. Photos do not establish availability or a deployment in this location."",""slides"":[{""position"":1,""original"":""/media/equipment-drive/dishwashing-trailers/22-26ft-low-temp-dish-trailer-tier-1-4/commercial-dish-trailer-stainless-workstation.png"",""src"":""/images/location-verified/39da30a1422bb09192fd-960.webp"",""srcSet"":""/images/location-verified/39da30a1422bb09192fd-480.webp 480w, /images/location-verified/39da30a1422bb09192fd-960.webp 960w"",""alt"":""Stainless worktable and storage racks inside a dishwashing trailer"",""reviewId"":""01.01"",""family"":""dishwashing"",""model"":""model-01"",""declaredView"":""interior"",""visualView"":""interior"",""reviewKey"":""V033"",""visualBasis"":""Visually inspected full assigned photo in the numbered contact sheet."",""sha256"":""39da30a1422bb09192fd5f1f3dfc9751be9c4d8adafdd41c7e5c4a5cac9164e1""},{""position"":2,""original"":""/media/equipment-drive/dishwashing-trailers/22-26ft-low-temp-dish-trailer-tier-1-4/dish-trailer-commercial-dishwasher.png"",""src"":""/images/location-verified/c1a1858704083016552d-960.webp"",""srcSet"":""/images/location-verified/c1a1858704083016552d-480.webp 480w, /images/location-verified/c1a1858704083016552d-960.webp 960w"",""alt"":""Commercial dishwashing machine and loading table"",""reviewId"":""01.02"",""family"":""dishwashing"",""model"":""model-01"",""declaredView"":""interior"",""visualView"":""interior"",""reviewKey"":""V034"",""visualBasis"":""Visually inspected full assigned photo in the numbered contact sheet."",""sha256"":""c1a1858704083016552ddec7b10c16cc1dbd42d69a7deafe63676113fb1db637""},{""position"":3,""original"":""/media/equipment-drive/dishwashing-trailers/22-26ft-low-temp-dish-trailer-tier-1-4/dish-trailer-handwashing-station.png"",""src"":""/images/location-verified/f7bb29a4ce27d1d8e020-960.webp"",""srcSet"":""/images/location-verified/f7bb29a4ce27d1d8e020-480.webp 480w, /images/location-verified/f7bb29a4ce27d1d8e020-960.webp 960w"",""alt"":""Wash sinks and shelving inside a dishwashing trailer"",""reviewId"":""01.03"",""family"":""dishwashing"",""model"":""model-01"",""declaredView"":""interior"",""visualView"":""interior"",""reviewKey"":""V035"",""visualBasis"":""Visually inspected full assigned photo in the numbered contact sheet."",""sha256"":""f7bb29a4ce27d1d8e0209816d8a30938d029e0e30500ac35905970adf9f864a5""},{""position"":4,""original"":""/media/equipment-drive/dishwashing-trailers/22-26ft-low-temp-dish-trailer-tier-1-4/dish-trailer-three-compartment-sink.png"",""src"":""/images/location-verified/06a2358b959cba278011-960.webp"",""srcSet"":""/images/location-verified/06a2358b959cba278011-480.webp 480w, /images/location-verified/06a2358b959cba278011-960.webp 960w"",""alt"":""Multi-compartment wash sink and pre-rinse faucet"",""reviewId"":""01.05"",""family"":""dishwashing"",""model"":""model-01"",""declaredView"":""interior"",""visualView"":""interior"",""reviewKey"":""V036"",""visualBasis"":""Visually inspected full assigned photo in the numbered contact sheet."",""sha256"":""06a2358b959cba278011112fb69071b95fc817a349712120dcd57cc6734f7de2""},{""position"":5,""original"":""/media/equipment-drive/dishwashing-trailers/22-26ft-low-temp-dish-trailer-tier-1-4/dish-trailer-utility-sink-storage-racks.png"",""src"":""/images/location-verified/224f845e1e70d21eb734-960.webp"",""srcSet"":""/images/location-verified/224f845e1e70d21eb734-480.webp 480w, /images/location-verified/224f845e1e70d21eb734-960.webp 960w"",""alt"":""Utility sink beside dish storage racks"",""reviewId"":""01.06"",""family"":""dishwashing"",""model"":""model-01"",""declaredView"":""interior"",""visualView"":""interior"",""reviewKey"":""V037"",""visualBasis"":""Visually inspected full assigned photo in the numbered contact sheet."",""sha256"":""224f845e1e70d21eb73410b89b0f9e4e36b2d64b52ac3b12eeb04dd534ec1572""},{""position"":6,""original"":""/media/equipment-drive/dishwashing-trailers/22-26ft-low-temp-dish-trailer-tier-1-4/dishwashing-trailer-wash-rinse-sanitize-sink.png"",""src"":""/images/location-verified/98d052a0b070d3ddbd7f-960.webp"",""srcSet"":""/images/location-verified/98d052a0b070d3ddbd7f-480.webp 480w, /images/location-verified/98d052a0b070d3ddbd7f-960.webp 960w"",""alt"":""Wash, rinse and sanitize basins"",""reviewId"":""01.07"",""family"":""dishwashing"",""model"":""model-01"",""declaredView"":""interior"",""visualView"":""interior"",""reviewKey"":""V038"",""visualBasis"":""Visually inspected full assigned photo in the numbered contact sheet."",""sha256"":""98d052a0b070d3ddbd7f1532e4366f99c7f0ca1a97fc2146334d4b2a0d142e28""},{""position"":7,""original"":""/media/equipment-drive/dishwashing-trailers/22-26ft-low-temp-dish-trailer-tier-1-4/mobile-dish-trailer-interior.png"",""src"":""/images/location-verified/1ea6f29f897bc6856d85-960.webp"",""srcSet"":""/images/location-verified/1ea6f29f897bc6856d85-480.webp 480w, /images/location-verified/1ea6f29f897bc6856d85-960.webp 960w"",""alt"":""Handwashing and pre-rinse station inside the dishwashing trailer"",""reviewId"":""01.08"",""family"":""dishwashing"",""model"":""model-01"",""declaredView"":""interior"",""visualView"":""interior"",""reviewKey"":""V039"",""visualBasis"":""Visually inspected full assigned photo in the numbered contact sheet."",""sha256"":""1ea6f29f897bc6856d85bd5b8a8fda1cf4b09843c4a51c1265f5c88dd9cea633""},{""position"":8,""original"":""/media/equipment-drive/dishwashing-trailers/22-26ft-low-temp-dish-trailer-tier-1-4/dish-trailer-rental-exterior.png"",""src"":""/images/location-verified/8a3b778dc9d47a4d49bf-960.webp"",""srcSet"":""/images/location-verified/8a3b778dc9d47a4d49bf-480.webp 480w, /images/location-verified/8a3b778dc9d47a4d49bf-960.webp 960w"",""alt"":""Exterior of the enclosed dishwashing trailer"",""reviewId"":""01.04"",""family"":""dishwashing"",""model"":""model-01"",""declaredView"":""exterior"",""visualView"":""exterior"",""reviewKey"":""V040"",""visualBasis"":""Visually inspected full assigned photo in the numbered contact sheet."",""sha256"":""8a3b778dc9d47a4d49bff92ea3c3454908524ac09670740bd7b0a4357287b03f""}],""errors"":[],""interiorCount"":7,""exteriorCount"":1,""planCount"":0,""lastInteriorPosition"":7,""firstExteriorPosition"":8,""orderChanged"":false,""viewLabelsChanged"":[],""status"":""PASS""}]","[]"
"page","/remote-containerized-military-berthing-solution-for-rent/","Containerized Sleeper Units Rental","PASS","[{""kind"":""page"",""route"":""/remote-containerized-military-berthing-solution-for-rent/"",""title"":""Containerized Sleeper Units Rental"",""gallery"":1,""label"":""Containerized Sleeper Units images"",""caption"":""Verified Containerized Sleeper Units equipment photography. Confirm the available unit's floor plan before booking."",""slides"":[{""position"":1,""original"":""/media/4b67ae2ec507c379fdf9a7e3.png"",""src"":""/media/4b67ae2ec507c379fdf9a7e3.png"",""srcSet"":""/media/4b67ae2ec507c379fdf9a7e3.png"",""alt"":""Communal bunk-bed sleeping area for temporary containerized crew berthing"",""reviewId"":"""",""family"":"""",""model"":"""",""declaredView"":""interior"",""visualView"":""interior"",""reviewKey"":""V041"",""visualBasis"":""Visually inspected full assigned photo in the numbered contact sheet."",""sha256"":""66b284b0b2d2cbe2024bf757d9591b8cd19bd05cf8215aca083e0d368aec0650""},{""position"":2,""original"":""/media/599283a9ef6bf5d260ca0648.png"",""src"":""/media/599283a9ef6bf5d260ca0648.png"",""srcSet"":""/media/599283a9ef6bf5d260ca0648.png"",""alt"":""Four-bunk sleeping area for temporary containerized crew berthing"",""reviewId"":"""",""family"":"""",""model"":"""",""declaredView"":""interior"",""visualView"":""interior"",""reviewKey"":""V042"",""visualBasis"":""Visually inspected full assigned photo in the numbered contact sheet."",""sha256"":""eb7878505cbc80dc0891d970062233b0787ce63fde2f8f1257a0fa7dc25de3dd""},{""position"":3,""original"":""/media/16e1edca80af2743a382280b.png"",""src"":""/media/16e1edca80af2743a382280b.png"",""srcSet"":""/media/16e1edca80af2743a382280b.png"",""alt"":""Two-bunk room inside a modular temporary berthing unit"",""reviewId"":"""",""family"":"""",""model"":"""",""declaredView"":""interior"",""visualView"":""interior"",""reviewKey"":""V043"",""visualBasis"":""Visually inspected full assigned photo in the numbered contact sheet."",""sha256"":""6cd01f0d794caa2b4c4c82b7f4ae4cf524827b3c62eb796423ee97f0032fb4a1""},{""position"":4,""original"":""/media/d4284cb63385949087e03ee9.png"",""src"":""/media/d4284cb63385949087e03ee9.png"",""srcSet"":""/media/d4284cb63385949087e03ee9.png"",""alt"":""Compact bunk room inside a modular temporary berthing unit"",""reviewId"":"""",""family"":"""",""model"":"""",""declaredView"":""interior"",""visualView"":""interior"",""reviewKey"":""V044"",""visualBasis"":""Visually inspected full assigned photo in the numbered contact sheet."",""sha256"":""55591cc02b14c89b6c06a462e98cb3f6827ff22a36458a217def0b17329aaacf""},{""position"":5,""original"":""/media/9b8c1d6a8e92cd55cd909891.png"",""src"":""/media/9b8c1d6a8e92cd55cd909891.png"",""srcSet"":""/media/9b8c1d6a8e92cd55cd909891.png"",""alt"":""Row of modular sleeping units for temporary crew berthing"",""reviewId"":"""",""family"":"""",""model"":"""",""declaredView"":""exterior"",""visualView"":""exterior"",""reviewKey"":""V045"",""visualBasis"":""Visually inspected full assigned photo in the numbered contact sheet."",""sha256"":""30a2b994645e016a107c4dcfe0e81eee7ca5705c2e1c484061bec09f18be6a1c""},{""position"":6,""original"":""/media/6ec88e391d22b5c6ce13ebb3.png"",""src"":""/media/6ec88e391d22b5c6ce13ebb3.png"",""srcSet"":""/media/6ec88e391d22b5c6ce13ebb3.png"",""alt"":""Exterior view of modular sleeping units in a temporary crew camp"",""reviewId"":"""",""family"":"""",""model"":"""",""declaredView"":""exterior"",""visualView"":""exterior"",""reviewKey"":""V046"",""visualBasis"":""Visually inspected full assigned photo in the numbered contact sheet."",""sha256"":""f6ae362cc4699e2b612d4115da7ce29a09b6be5a747e0f30facbdc41dfb71b7a""}],""errors"":[],""interiorCount"":4,""exteriorCount"":2,""planCount"":0,""lastInteriorPosition"":4,""firstExteriorPosition"":5,""orderChanged"":false,""viewLabelsChanged"":[],""status"":""PASS""}]","[]"
"page","/services/dishwashing-trailers/38ft-conveyor/","38ft Conveyor Dishwashing Trailer Rental","PASS","[{""kind"":""page"",""route"":""/services/dishwashing-trailers/38ft-conveyor/"",""title"":""38ft Conveyor Dishwashing Trailer Rental"",""gallery"":1,""label"":""38ft Conveyor Dishwashing Trailer images"",""caption"":""Verified 38ft Conveyor Dishwashing Trailer equipment photography. Confirm the available unit's floor plan before booking."",""slides"":[{""position"":1,""original"":""/images/service-heroes/38ft-high-temp-dish/01-960.webp"",""src"":""/images/service-heroes/38ft-high-temp-dish/01-960.webp"",""srcSet"":""/images/service-heroes/38ft-high-temp-dish/01-480.webp 480w, /images/service-heroes/38ft-high-temp-dish/01-960.webp 960w"",""alt"":""38 ft high-temperature conveyor dishwashing trailer interior view 1"",""reviewId"":"""",""family"":"""",""model"":"""",""declaredView"":""interior"",""visualView"":""interior"",""reviewKey"":""V090"",""visualBasis"":""Visually inspected full assigned photo in the numbered contact sheet."",""sha256"":""2ea9c91fe3075d62a7358f374fb4761a91e568a4d3926857ca8d4d158c1879ce""},{""position"":2,""original"":""/images/service-heroes/38ft-high-temp-dish/02-960.webp"",""src"":""/images/service-heroes/38ft-high-temp-dish/02-960.webp"",""srcSet"":""/images/service-heroes/38ft-high-temp-dish/02-480.webp 480w, /images/service-heroes/38ft-high-temp-dish/02-960.webp 960w"",""alt"":""38 ft high-temperature conveyor dishwashing trailer interior view 2"",""reviewId"":"""",""family"":"""",""model"":"""",""declaredView"":""interior"",""visualView"":""interior"",""reviewKey"":""V091"",""visualBasis"":""Visually inspected full assigned photo in the numbered contact sheet."",""sha256"":""17189ad2a35b841fd414b76db7225ad6395b4baa5e246ec91e75a661e7e4b09d""},{""position"":3,""original"":""/images/service-heroes/38ft-high-temp-dish/03-960.webp"",""src"":""/images/service-heroes/38ft-high-temp-dish/03-960.webp"",""srcSet"":""/images/service-heroes/38ft-high-temp-dish/03-480.webp 480w, /images/service-heroes/38ft-high-temp-dish/03-960.webp 960w"",""alt"":""38 ft high-temperature conveyor dishwashing trailer interior view 3"",""reviewId"":"""",""family"":"""",""model"":"""",""declaredView"":""interior"",""visualView"":""interior"",""reviewKey"":""V092"",""visualBasis"":""Visually inspected full assigned photo in the numbered contact sheet."",""sha256"":""2699bb8685650192b3d82b95eca3e98999fa6de7b9a870f5533c1ad10c1d6c7f""},{""position"":4,""original"":""/images/service-heroes/38ft-high-temp-dish/04-960.webp"",""src"":""/images/service-heroes/38ft-high-temp-dish/04-960.webp"",""srcSet"":""/images/service-heroes/38ft-high-temp-dish/04-480.webp 480w, /images/service-heroes/38ft-high-temp-dish/04-960.webp 960w"",""alt"":""38 ft high-temperature conveyor dishwashing trailer interior view 4"",""reviewId"":"""",""family"":"""",""model"":"""",""declaredView"":""interior"",""visualView"":""interior"",""reviewKey"":""V093"",""visualBasis"":""Visually inspected full assigned photo in the numbered contact sheet."",""sha256"":""2f9c6a8491ea28b6b97b64b9024d4a1c7b1d190b0601e5888b673ee1a8eb7a2d""},{""position"":5,""original"":""/images/service-heroes/38ft-high-temp-dish/05-960.webp"",""src"":""/images/service-heroes/38ft-high-temp-dish/05-960.webp"",""srcSet"":""/images/service-heroes/38ft-high-temp-dish/05-480.webp 480w, /images/service-heroes/38ft-high-temp-dish/05-960.webp 960w"",""alt"":""38 ft high-temperature conveyor dishwashing trailer interior view 5"",""reviewId"":"""",""family"":"""",""model"":"""",""declaredView"":""interior"",""visualView"":""interior"",""reviewKey"":""V094"",""visualBasis"":""Visually inspected full assigned photo in the numbered contact sheet."",""sha256"":""8afe8140134c340296ef0b6878c9248c18c73556fbcaab6c530c82c9b3b5789f""},{""position"":6,""original"":""/images/service-heroes/38ft-high-temp-dish/06-960.webp"",""src"":""/images/service-heroes/38ft-high-temp-dish/06-960.webp"",""srcSet"":""/images/service-heroes/38ft-high-temp-dish/06-480.webp 480w, /images/service-heroes/38ft-high-temp-dish/06-960.webp 960w"",""alt"":""38 ft high-temperature conveyor dishwashing trailer interior view 6"",""reviewId"":"""",""family"":"""",""model"":"""",""declaredView"":""interior"",""visualView"":""interior"",""reviewKey"":""V095"",""visualBasis"":""Visually inspected full assigned photo in the numbered contact sheet."",""sha256"":""31fd43dc30f3c4129b1e506238d5c7eef2d7de2964e5545784fd528776a2d9c2""},{""position"":7,""original"":""/images/service-heroes/38ft-high-temp-dish/07-960.webp"",""src"":""/images/service-heroes/38ft-high-temp-dish/07-960.webp"",""srcSet"":""/images/service-heroes/38ft-high-temp-dish/07-480.webp 480w, /images/service-heroes/38ft-high-temp-dish/07-960.webp 960w"",""alt"":""38 ft high-temperature conveyor dishwashing trailer interior equipment detail 1"",""reviewId"":"""",""family"":"""",""model"":"""",""declaredView"":""detail"",""visualView"":""interior"",""reviewKey"":""V096"",""visualBasis"":""Visually inspected full assigned photo in the numbered contact sheet."",""sha256"":""7797c02ad5aca68dabf2efeeb185710db7dfa754800b314a9bab08c85870a772""},{""position"":8,""original"":""/images/service-heroes/38ft-high-temp-dish/08-960.webp"",""src"":""/images/service-heroes/38ft-high-temp-dish/08-960.webp"",""srcSet"":""/images/service-heroes/38ft-high-temp-dish/08-480.webp 480w, /images/service-heroes/38ft-high-temp-dish/08-960.webp 960w"",""alt"":""38 ft high-temperature conveyor dishwashing trailer interior equipment detail 2"",""reviewId"":"""",""family"":"""",""model"":"""",""declaredView"":""detail"",""visualView"":""interior"",""reviewKey"":""V097"",""visualBasis"":""Visually inspected full assigned photo in the numbered contact sheet."",""sha256"":""afe46d1ad8b2a37b14a08a546d44f257f44857b6b4b4c8255dfe8a896065b77d""},{""position"":9,""original"":""/images/service-heroes/38ft-high-temp-dish/09-960.webp"",""src"":""/images/service-heroes/38ft-high-temp-dish/09-960.webp"",""srcSet"":""/images/service-heroes/38ft-high-temp-dish/09-480.webp 480w, /images/service-heroes/38ft-high-temp-dish/09-960.webp 960w"",""alt"":""38 ft high-temperature conveyor dishwashing trailer interior equipment detail 3"",""reviewId"":"""",""family"":"""",""model"":"""",""declaredView"":""detail"",""visualView"":""interior"",""reviewKey"":""V098"",""visualBasis"":""Visually inspected full assigned photo in the numbered contact sheet."",""sha256"":""c0b3c73390834a7fc84bcf63229562662ecc88e58b84f7a442dc98de38d58e47""},{""position"":10,""original"":""/images/service-heroes/38ft-high-temp-dish/10-960.webp"",""src"":""/images/service-heroes/38ft-high-temp-dish/10-960.webp"",""srcSet"":""/images/service-heroes/38ft-high-temp-dish/10-480.webp 480w, /images/service-heroes/38ft-high-temp-dish/10-960.webp 960w"",""alt"":""38 ft high-temperature conveyor dishwashing trailer interior equipment detail 4"",""reviewId"":"""",""family"":"""",""model"":"""",""declaredView"":""detail"",""visualView"":""interior"",""reviewKey"":""V099"",""visualBasis"":""Visually inspected full assigned photo in the numbered contact sheet."",""sha256"":""18207539e8e86e7f00cccf2d5dee5124cc0400bce47f8157914a146ed1193255""}],""errors"":[],""interiorCount"":10,""exteriorCount"":0,""planCount"":0,""lastInteriorPosition"":10,""firstExteriorPosition"":null,""orderChanged"":false,""viewLabelsChanged"":[],""status"":""PASS""}]","[]"
"page","/services/laundry-trailers/30ft/","30ft Mobile Laundry Trailer Rental","PASS","[{""kind"":""page"",""route"":""/services/laundry-trailers/30ft/"",""title"":""30ft Mobile Laundry Trailer Rental"",""gallery"":1,""label"":""30ft Mobile Laundry Trailer images"",""caption"":""Interior reference from the supplied 30 ft laundry-trailer collection. Confirm the actual unit length, machine count and layout with your quote."",""slides"":[{""position"":1,""original"":""/media/equipment-drive/laundry-trailers-and-containers/30ft-laundry-trailer-10-washer-dryer/mobile-laundry-trailer-commercial-washers-dryers.png"",""src"":""/images/location-verified/8f2f634239040859c87a-960.webp"",""srcSet"":""/images/location-verified/8f2f634239040859c87a-480.webp 480w, /images/location-verified/8f2f634239040859c87a-960.webp 939w"",""alt"":""Laundry-room interior with washing machines, dryers and a central aisle"",""reviewId"":""08.01"",""family"":""laundry-trailer"",""model"":""model-08"",""declaredView"":""interior"",""visualView"":""interior"",""reviewKey"":""V024"",""visualBasis"":""Visually inspected full assigned photo in the numbered contact sheet."",""sha256"":""8f2f634239040859c87ae7205c3ab38c515b39f27a196a1900f6fea60eb0f13a""}],""errors"":[],""interiorCount"":1,""exteriorCount"":0,""planCount"":0,""lastInteriorPosition"":1,""firstExteriorPosition"":null,""orderChanged"":false,""viewLabelsChanged"":[],""status"":""PASS""}]","[]"
"page","/services/mobile-kitchen-trailers/24ft/","24ft Mobile Kitchen Trailer Rental","PASS","[{""kind"":""page"",""route"":""/services/mobile-kitchen-trailers/24ft/"",""title"":""24ft Mobile Kitchen Trailer Rental"",""gallery"":1,""label"":""24ft Mobile Kitchen Trailer images"",""caption"":""Verified 24ft Mobile Kitchen Trailer equipment photography. Confirm the available unit's floor plan before booking."",""slides"":[{""position"":1,""original"":""/images/service-heroes/24ft-mobile-kitchen/01-960.webp"",""src"":""/images/service-heroes/24ft-mobile-kitchen/01-960.webp"",""srcSet"":""/images/service-heroes/24ft-mobile-kitchen/01-480.webp 480w, /images/service-heroes/24ft-mobile-kitchen/01-960.webp 960w"",""alt"":""24 ft mobile kitchen trailer interior view 1"",""reviewId"":"""",""family"":"""",""model"":"""",""declaredView"":""interior"",""visualView"":""interior"",""reviewKey"":""V051"",""visualBasis"":""Visually inspected full assigned photo in the numbered contact sheet."",""sha256"":""c4e8cb544ee51d26165b4fb0746189daa8b0645938378ba1e8beb1e8bee41247""},{""position"":2,""original"":""/images/service-heroes/24ft-mobile-kitchen/03-960.webp"",""src"":""/images/service-heroes/24ft-mobile-kitchen/03-960.webp"",""srcSet"":""/images/service-heroes/24ft-mobile-kitchen/03-480.webp 480w, /images/service-heroes/24ft-mobile-kitchen/03-960.webp 960w"",""alt"":""24 ft mobile kitchen trailer interior view 2"",""reviewId"":"""",""family"":"""",""model"":"""",""declaredView"":""interior"",""visualView"":""interior"",""reviewKey"":""V052"",""visualBasis"":""Visually inspected full assigned photo in the numbered contact sheet."",""sha256"":""a7e7ae570e7c1dbd054a1786fb57f053331f1b02819f17814214546ef1d9f3e1""},{""position"":3,""original"":""/images/service-heroes/24ft-mobile-kitchen/04-960.webp"",""src"":""/images/service-heroes/24ft-mobile-kitchen/04-960.webp"",""srcSet"":""/images/service-heroes/24ft-mobile-kitchen/04-480.webp 480w, /images/service-heroes/24ft-mobile-kitchen/04-960.webp 960w"",""alt"":""24 ft mobile kitchen trailer interior equipment detail 1"",""reviewId"":"""",""family"":"""",""model"":"""",""declaredView"":""detail"",""visualView"":""interior"",""reviewKey"":""V053"",""visualBasis"":""Visually inspected full assigned photo in the numbered contact sheet."",""sha256"":""e3b313c56a060b9db3e91c49b483902c7e92ba0c6f9e74097721cadc91cf2089""},{""position"":4,""original"":""/images/service-heroes/24ft-mobile-kitchen/05-960.webp"",""src"":""/images/service-heroes/24ft-mobile-kitchen/05-960.webp"",""srcSet"":""/images/service-heroes/24ft-mobile-kitchen/05-480.webp 480w, /images/service-heroes/24ft-mobile-kitchen/05-960.webp 960w"",""alt"":""24 ft mobile kitchen trailer interior equipment detail 2"",""reviewId"":"""",""family"":"""",""model"":"""",""declaredView"":""detail"",""visualView"":""interior"",""reviewKey"":""V054"",""visualBasis"":""Visually inspected full assigned photo in the numbered contact sheet."",""sha256"":""f496ef29a0e7191c52fc0081f9c9143c50da03a80c7ba504924dadc269bba866""},{""position"":5,""original"":""/images/service-heroes/24ft-mobile-kitchen/02-960.webp"",""src"":""/images/service-heroes/24ft-mobile-kitchen/02-960.webp"",""srcSet"":""/images/service-heroes/24ft-mobile-kitchen/02-480.webp 480w, /images/service-heroes/24ft-mobile-kitchen/02-960.webp 960w"",""alt"":""24 ft mobile kitchen trailer exterior view 1"",""reviewId"":"""",""family"":"""",""model"":"""",""declaredView"":""exterior"",""visualView"":""exterior"",""reviewKey"":""V055"",""visualBasis"":""Visually inspected full assigned photo in the numbered contact sheet."",""sha256"":""43580649687d344acaba318d6062e5b5986d988c9718d7943ffe23d927cb19a2""}],""errors"":[],""interiorCount"":4,""exteriorCount"":1,""planCount"":0,""lastInteriorPosition"":4,""firstExteriorPosition"":5,""orderChanged"":false,""viewLabelsChanged"":[],""status"":""PASS""}]","[]"
"page","/services/mobile-kitchen-trailers/28ft/","28ft Mobile Kitchen Trailer Rental","PASS","[{""kind"":""page"",""route"":""/services/mobile-kitchen-trailers/28ft/"",""title"":""28ft Mobile Kitchen Trailer Rental"",""gallery"":1,""label"":""28ft Mobile Kitchen Trailer images"",""caption"":""Verified 28ft Mobile Kitchen Trailer equipment photography. Confirm the available unit's floor plan before booking."",""slides"":[{""position"":1,""original"":""/images/service-heroes/28ft-mobile-kitchen/01-960.webp"",""src"":""/images/service-heroes/28ft-mobile-kitchen/01-960.webp"",""srcSet"":""/images/service-heroes/28ft-mobile-kitchen/01-480.webp 480w, /images/service-heroes/28ft-mobile-kitchen/01-960.webp 960w"",""alt"":""28 ft mobile kitchen trailer interior view 1"",""reviewId"":"""",""family"":"""",""model"":"""",""declaredView"":""interior"",""visualView"":""interior"",""reviewKey"":""V056"",""visualBasis"":""Visually inspected full assigned photo in the numbered contact sheet."",""sha256"":""414d76f9b596f69b1bc6904110f28ce70355271902acfc15db65b85c2d454522""},{""position"":2,""original"":""/images/service-heroes/28ft-mobile-kitchen/02-960.webp"",""src"":""/images/service-heroes/28ft-mobile-kitchen/02-960.webp"",""srcSet"":""/images/service-heroes/28ft-mobile-kitchen/02-480.webp 480w, /images/service-heroes/28ft-mobile-kitchen/02-960.webp 960w"",""alt"":""28 ft mobile kitchen trailer interior view 2"",""reviewId"":"""",""family"":"""",""model"":"""",""declaredView"":""interior"",""visualView"":""interior"",""reviewKey"":""V057"",""visualBasis"":""Visually inspected full assigned photo in the numbered contact sheet."",""sha256"":""e582f6d43771bfc8012420430a4d409816090c6431d1fb1d51e91a0de8013f14""},{""position"":3,""original"":""/images/service-heroes/28ft-mobile-kitchen/03-960.webp"",""src"":""/images/service-heroes/28ft-mobile-kitchen/03-960.webp"",""srcSet"":""/images/service-heroes/28ft-mobile-kitchen/03-480.webp 480w, /images/service-heroes/28ft-mobile-kitchen/03-960.webp 960w"",""alt"":""28 ft mobile kitchen trailer interior view 3"",""reviewId"":"""",""family"":"""",""model"":"""",""declaredView"":""interior"",""visualView"":""interior"",""reviewKey"":""V058"",""visualBasis"":""Visually inspected full assigned photo in the numbered contact sheet."",""sha256"":""1e9f968e22d64c92c47c63bf72e4c2faf4e70e8c5ffb2da849859839c40c0fbc""},{""position"":4,""original"":""/images/service-heroes/28ft-mobile-kitchen/05-960.webp"",""src"":""/images/service-heroes/28ft-mobile-kitchen/05-960.webp"",""srcSet"":""/images/service-heroes/28ft-mobile-kitchen/05-480.webp 480w, /images/service-heroes/28ft-mobile-kitchen/05-960.webp 960w"",""alt"":""28 ft mobile kitchen trailer interior view 4"",""reviewId"":"""",""family"":"""",""model"":"""",""declaredView"":""interior"",""visualView"":""interior"",""reviewKey"":""V059"",""visualBasis"":""Visually inspected full assigned photo in the numbered contact sheet."",""sha256"":""de83cade87c7e7e0be42c9cba457936c1c30d08b318ffa946b6350ecfd777700""},{""position"":5,""original"":""/images/service-heroes/28ft-mobile-kitchen/04-960.webp"",""src"":""/images/service-heroes/28ft-mobile-kitchen/04-960.webp"",""srcSet"":""/images/service-heroes/28ft-mobile-kitchen/04-480.webp 480w, /images/service-heroes/28ft-mobile-kitchen/04-960.webp 960w"",""alt"":""28 ft mobile kitchen trailer interior equipment detail 1"",""reviewId"":"""",""family"":"""",""model"":"""",""declaredView"":""detail"",""visualView"":""interior"",""reviewKey"":""V060"",""visualBasis"":""Visually inspected full assigned photo in the numbered contact sheet."",""sha256"":""d8343e865b0162761dba44200a4d3cbd0e5218e558ecb15dcbc9bb0c3ede9b0e""},{""position"":6,""original"":""/images/service-heroes/28ft-mobile-kitchen/06-960.webp"",""src"":""/images/service-heroes/28ft-mobile-kitchen/06-960.webp"",""srcSet"":""/images/service-heroes/28ft-mobile-kitchen/06-480.webp 480w, /images/service-heroes/28ft-mobile-kitchen/06-960.webp 960w"",""alt"":""28 ft mobile kitchen trailer interior equipment detail 2"",""reviewId"":"""",""family"":"""",""model"":"""",""declaredView"":""detail"",""visualView"":""interior"",""reviewKey"":""V061"",""visualBasis"":""Visually inspected full assigned photo in the numbered contact sheet."",""sha256"":""8ac3b3a3f7bc44f9f263ff491de8f2f7184e4339aa78569dce0bc5c5199897fa""},{""position"":7,""original"":""/images/service-heroes/28ft-mobile-kitchen/07-960.webp"",""src"":""/images/service-heroes/28ft-mobile-kitchen/07-960.webp"",""srcSet"":""/images/service-heroes/28ft-mobile-kitchen/07-480.webp 480w, /images/service-heroes/28ft-mobile-kitchen/07-960.webp 960w"",""alt"":""28 ft mobile kitchen trailer interior equipment detail 3"",""reviewId"":"""",""family"":"""",""model"":"""",""declaredView"":""detail"",""visualView"":""interior"",""reviewKey"":""V062"",""visualBasis"":""Visually inspected full assigned photo in the numbered contact sheet."",""sha256"":""0bfbb57f937298c1d41270ad874ae026fd12709ef8ca289ea5aeca206df0cad8""}],""errors"":[],""interiorCount"":7,""exteriorCount"":0,""planCount"":0,""lastInteriorPosition"":7,""firstExteriorPosition"":null,""orderChanged"":false,""viewLabelsChanged"":[],""status"":""PASS""}]","[]"
"page","/services/mobile-kitchen-trailers/38ft/","38ft Mobile Kitchen Trailer Rental","PASS","[{""kind"":""page"",""route"":""/services/mobile-kitchen-trailers/38ft/"",""title"":""38ft Mobile Kitchen Trailer Rental"",""gallery"":1,""label"":""38ft Mobile Kitchen Trailer images"",""caption"":""Verified 38ft Mobile Kitchen Trailer equipment photography. Confirm the available unit's floor plan before booking."",""slides"":[{""position"":1,""original"":""/images/service-heroes/38ft-mobile-kitchen/01-960.webp"",""src"":""/images/service-heroes/38ft-mobile-kitchen/01-960.webp"",""srcSet"":""/images/service-heroes/38ft-mobile-kitchen/01-480.webp 480w, /images/service-heroes/38ft-mobile-kitchen/01-960.webp 960w"",""alt"":""38 ft mobile kitchen trailer interior view 1"",""reviewId"":"""",""family"":"""",""model"":"""",""declaredView"":""interior"",""visualView"":""interior"",""reviewKey"":""V063"",""visualBasis"":""Visually inspected full assigned photo in the numbered contact sheet."",""sha256"":""f8ecdd84958f3ef366555bd62bfe72c2bd89236947efa78b5c76015e70491913""},{""position"":2,""original"":""/images/service-heroes/38ft-mobile-kitchen/02-960.webp"",""src"":""/images/service-heroes/38ft-mobile-kitchen/02-960.webp"",""srcSet"":""/images/service-heroes/38ft-mobile-kitchen/02-480.webp 480w, /images/service-heroes/38ft-mobile-kitchen/02-960.webp 960w"",""alt"":""38 ft mobile kitchen trailer interior equipment detail 1"",""reviewId"":"""",""family"":"""",""model"":"""",""declaredView"":""detail"",""visualView"":""interior"",""reviewKey"":""V064"",""visualBasis"":""Visually inspected full assigned photo in the numbered contact sheet."",""sha256"":""96733cbe03e9ba350cb6be763263be392ddc1c7d2226820ed32cb4b994bb5495""}],""errors"":[],""interiorCount"":2,""exteriorCount"":0,""planCount"":0,""lastInteriorPosition"":2,""firstExteriorPosition"":null,""orderChanged"":false,""viewLabelsChanged"":[],""status"":""PASS""}]","[]"
"page","/services/mobile-kitchen-trailers/40ft-bulk-combination/","40ft Bulk Combination Mobile Kitchen Rental","PASS","[{""kind"":""page"",""route"":""/services/mobile-kitchen-trailers/40ft-bulk-combination/"",""title"":""40ft Bulk Combination Mobile Kitchen Rental"",""gallery"":1,""label"":""40ft Bulk Combination Mobile Kitchen images"",""caption"":""Verified 40ft Bulk Combination Mobile Kitchen equipment photography. Confirm the available unit's floor plan before booking."",""slides"":[{""position"":1,""original"":""/images/service-heroes/40ft-bulk-combination-kitchen/01-960.webp"",""src"":""/images/service-heroes/40ft-bulk-combination-kitchen/01-960.webp"",""srcSet"":""/images/service-heroes/40ft-bulk-combination-kitchen/01-480.webp 480w, /images/service-heroes/40ft-bulk-combination-kitchen/01-960.webp 960w"",""alt"":""40 ft bulk combination kitchen trailer interior view 1"",""reviewId"":"""",""family"":"""",""model"":"""",""declaredView"":""interior"",""visualView"":""interior"",""reviewKey"":""V084"",""visualBasis"":""Visually inspected full assigned photo in the numbered contact sheet."",""sha256"":""56e29830ec0c8a31fc05d7657de8a5410f041c5ca7b4838295c5c37f3d525f96""},{""position"":2,""original"":""/images/service-heroes/40ft-bulk-combination-kitchen/02-960.webp"",""src"":""/images/service-heroes/40ft-bulk-combination-kitchen/02-960.webp"",""srcSet"":""/images/service-heroes/40ft-bulk-combination-kitchen/02-480.webp 480w, /images/service-heroes/40ft-bulk-combination-kitchen/02-960.webp 960w"",""alt"":""40 ft bulk combination kitchen trailer interior view 2"",""reviewId"":"""",""family"":"""",""model"":"""",""declaredView"":""interior"",""visualView"":""interior"",""reviewKey"":""V085"",""visualBasis"":""Visually inspected full assigned photo in the numbered contact sheet."",""sha256"":""5e2c5e1cc430205ddb32f121a99fed80aa77bc447cf391eb47a36e5c592d4cea""},{""position"":3,""original"":""/images/service-heroes/40ft-bulk-combination-kitchen/03-960.webp"",""src"":""/images/service-heroes/40ft-bulk-combination-kitchen/03-960.webp"",""srcSet"":""/images/service-heroes/40ft-bulk-combination-kitchen/03-480.webp 480w, /images/service-heroes/40ft-bulk-combination-kitchen/03-960.webp 960w"",""alt"":""40 ft bulk combination kitchen trailer interior view 3"",""reviewId"":"""",""family"":"""",""model"":"""",""declaredView"":""interior"",""visualView"":""interior"",""reviewKey"":""V086"",""visualBasis"":""Visually inspected full assigned photo in the numbered contact sheet."",""sha256"":""3df0cbaab752687b0a59ab38198ee1eda4bbd1d8acba24fe6935d286b4742a76""},{""position"":4,""original"":""/images/service-heroes/40ft-bulk-combination-kitchen/04-960.webp"",""src"":""/images/service-heroes/40ft-bulk-combination-kitchen/04-960.webp"",""srcSet"":""/images/service-heroes/40ft-bulk-combination-kitchen/04-480.webp 480w, /images/service-heroes/40ft-bulk-combination-kitchen/04-960.webp 960w"",""alt"":""40 ft bulk combination kitchen trailer interior view 4"",""reviewId"":"""",""family"":"""",""model"":"""",""declaredView"":""interior"",""visualView"":""interior"",""reviewKey"":""V087"",""visualBasis"":""Visually inspected full assigned photo in the numbered contact sheet."",""sha256"":""c11dcbfb20857a27e3e7644b7da60826626aa16a36dd8b04e7a65ae722041f3b""},{""position"":5,""original"":""/images/service-heroes/40ft-bulk-combination-kitchen/05-960.webp"",""src"":""/images/service-heroes/40ft-bulk-combination-kitchen/05-960.webp"",""srcSet"":""/images/service-heroes/40ft-bulk-combination-kitchen/05-480.webp 480w, /images/service-heroes/40ft-bulk-combination-kitchen/05-960.webp 960w"",""alt"":""40 ft bulk combination kitchen trailer interior equipment detail 1"",""reviewId"":"""",""family"":"""",""model"":"""",""declaredView"":""detail"",""visualView"":""interior"",""reviewKey"":""V088"",""visualBasis"":""Visually inspected full assigned photo in the numbered contact sheet."",""sha256"":""1c42f1f1abd57446169a63411027e2c3f19df8c8127598a659fb188ba61a9c9c""},{""position"":6,""original"":""/images/service-heroes/40ft-bulk-combination-kitchen/06-960.webp"",""src"":""/images/service-heroes/40ft-bulk-combination-kitchen/06-960.webp"",""srcSet"":""/images/service-heroes/40ft-bulk-combination-kitchen/06-480.webp 480w, /images/service-heroes/40ft-bulk-combination-kitchen/06-960.webp 960w"",""alt"":""40 ft bulk combination kitchen trailer interior equipment detail 2"",""reviewId"":"""",""family"":"""",""model"":"""",""declaredView"":""detail"",""visualView"":""interior"",""reviewKey"":""V089"",""visualBasis"":""Visually inspected full assigned photo in the numbered contact sheet."",""sha256"":""eb2795038b2435f1f5f2133035474479c4013e5f25241b3fc165aa5815ab9c96""}],""errors"":[],""interiorCount"":6,""exteriorCount"":0,""planCount"":0,""lastInteriorPosition"":6,""firstExteriorPosition"":null,""orderChanged"":false,""viewLabelsChanged"":[],""status"":""PASS""}]","[]"
"page","/services/mobile-kitchen-trailers/40ft-combination/","40ft Combination Mobile Kitchen Rental","PASS","[{""kind"":""page"",""route"":""/services/mobile-kitchen-trailers/40ft-combination/"",""title"":""40ft Combination Mobile Kitchen Rental"",""gallery"":1,""label"":""40ft Combination Mobile Kitchen images"",""caption"":""Verified 40ft Combination Mobile Kitchen equipment photography. Confirm the available unit's floor plan before booking."",""slides"":[{""position"":1,""original"":""/images/service-heroes/40ft-combination-kitchen/01-960.webp"",""src"":""/images/service-heroes/40ft-combination-kitchen/01-960.webp"",""srcSet"":""/images/service-heroes/40ft-combination-kitchen/01-480.webp 480w, /images/service-heroes/40ft-combination-kitchen/01-960.webp 960w"",""alt"":""40 ft combination kitchen trailer interior view 1"",""reviewId"":"""",""family"":"""",""model"":"""",""declaredView"":""interior"",""visualView"":""interior"",""reviewKey"":""V075"",""visualBasis"":""Visually inspected full assigned photo in the numbered contact sheet."",""sha256"":""5e71b0407fade42f071de1a1aebd6c9e4dc913eee3b408b75d4db0568a18dc6f""},{""position"":2,""original"":""/images/service-heroes/40ft-combination-kitchen/03-960.webp"",""src"":""/images/service-heroes/40ft-combination-kitchen/03-960.webp"",""srcSet"":""/images/service-heroes/40ft-combination-kitchen/03-480.webp 480w, /images/service-heroes/40ft-combination-kitchen/03-960.webp 960w"",""alt"":""40 ft combination kitchen trailer interior view 2"",""reviewId"":"""",""family"":"""",""model"":"""",""declaredView"":""interior"",""visualView"":""interior"",""reviewKey"":""V076"",""visualBasis"":""Visually inspected full assigned photo in the numbered contact sheet."",""sha256"":""812d1326f66eaba8997888efe6feb758c76139e1abf3c4b924b23b75aadaaf93""},{""position"":3,""original"":""/images/service-heroes/40ft-combination-kitchen/04-960.webp"",""src"":""/images/service-heroes/40ft-combination-kitchen/04-960.webp"",""srcSet"":""/images/service-heroes/40ft-combination-kitchen/04-480.webp 480w, /images/service-heroes/40ft-combination-kitchen/04-960.webp 960w"",""alt"":""40 ft combination kitchen trailer interior view 3"",""reviewId"":"""",""family"":"""",""model"":"""",""declaredView"":""interior"",""visualView"":""interior"",""reviewKey"":""V077"",""visualBasis"":""Visually inspected full assigned photo in the numbered contact sheet."",""sha256"":""f6f77a1f5fe3f72a7e9d030d6e54bb5d29eb9374a5d68be8d621863e231226ca""},{""position"":4,""original"":""/images/service-heroes/40ft-combination-kitchen/05-960.webp"",""src"":""/images/service-heroes/40ft-combination-kitchen/05-960.webp"",""srcSet"":""/images/service-heroes/40ft-combination-kitchen/05-480.webp 480w, /images/service-heroes/40ft-combination-kitchen/05-960.webp 960w"",""alt"":""40 ft combination kitchen trailer interior equipment detail 1"",""reviewId"":"""",""family"":"""",""model"":"""",""declaredView"":""detail"",""visualView"":""interior"",""reviewKey"":""V078"",""visualBasis"":""Visually inspected full assigned photo in the numbered contact sheet."",""sha256"":""4c2897691db50c845fcefdde4e732b2a26ae02be385463a0609dc608fdf03950""},{""position"":5,""original"":""/images/service-heroes/40ft-combination-kitchen/06-960.webp"",""src"":""/images/service-heroes/40ft-combination-kitchen/06-960.webp"",""srcSet"":""/images/service-heroes/40ft-combination-kitchen/06-480.webp 480w, /images/service-heroes/40ft-combination-kitchen/06-960.webp 960w"",""alt"":""40 ft combination kitchen trailer interior equipment detail 2"",""reviewId"":"""",""family"":"""",""model"":"""",""declaredView"":""detail"",""visualView"":""interior"",""reviewKey"":""V079"",""visualBasis"":""Visually inspected full assigned photo in the numbered contact sheet."",""sha256"":""b32d4278b2631f1819314d536626ebc45adf48ef872d4958c72f653778d8a15d""},{""position"":6,""original"":""/images/service-heroes/40ft-combination-kitchen/07-960.webp"",""src"":""/images/service-heroes/40ft-combination-kitchen/07-960.webp"",""srcSet"":""/images/service-heroes/40ft-combination-kitchen/07-480.webp 480w, /images/service-heroes/40ft-combination-kitchen/07-960.webp 960w"",""alt"":""40 ft combination kitchen trailer interior equipment detail 3"",""reviewId"":"""",""family"":"""",""model"":"""",""declaredView"":""detail"",""visualView"":""interior"",""reviewKey"":""V080"",""visualBasis"":""Visually inspected full assigned photo in the numbered contact sheet."",""sha256"":""033fc713af0d291070f062b01650d678e11616ff29b7b637a54a5d9bc29a485c""},{""position"":7,""original"":""/images/service-heroes/40ft-combination-kitchen/08-960.webp"",""src"":""/images/service-heroes/40ft-combination-kitchen/08-960.webp"",""srcSet"":""/images/service-heroes/40ft-combination-kitchen/08-480.webp 480w, /images/service-heroes/40ft-combination-kitchen/08-960.webp 960w"",""alt"":""40 ft combination kitchen trailer interior equipment detail 4"",""reviewId"":"""",""family"":"""",""model"":"""",""declaredView"":""detail"",""visualView"":""interior"",""reviewKey"":""V081"",""visualBasis"":""Visually inspected full assigned photo in the numbered contact sheet."",""sha256"":""c4df6c683e47f2d78b9c0e8ecb478fe231ee186549c6eeee4bbb70af04c69e80""},{""position"":8,""original"":""/images/service-heroes/40ft-combination-kitchen/09-960.webp"",""src"":""/images/service-heroes/40ft-combination-kitchen/09-960.webp"",""srcSet"":""/images/service-heroes/40ft-combination-kitchen/09-480.webp 480w, /images/service-heroes/40ft-combination-kitchen/09-960.webp 960w"",""alt"":""40 ft combination kitchen trailer interior equipment detail 5"",""reviewId"":"""",""family"":"""",""model"":"""",""declaredView"":""detail"",""visualView"":""interior"",""reviewKey"":""V082"",""visualBasis"":""Visually inspected full assigned photo in the numbered contact sheet."",""sha256"":""a3a31cbeb0e23813bcd8465a5f1c727e370bb0c0a4df88e7462f3ae8bf299ae9""},{""position"":9,""original"":""/images/service-heroes/40ft-combination-kitchen/02-960.webp"",""src"":""/images/service-heroes/40ft-combination-kitchen/02-960.webp"",""srcSet"":""/images/service-heroes/40ft-combination-kitchen/02-480.webp 480w, /images/service-heroes/40ft-combination-kitchen/02-960.webp 960w"",""alt"":""40 ft combination kitchen trailer exterior view 1"",""reviewId"":"""",""family"":"""",""model"":"""",""declaredView"":""exterior"",""visualView"":""exterior"",""reviewKey"":""V083"",""visualBasis"":""Visually inspected full assigned photo in the numbered contact sheet."",""sha256"":""f04330e5ab0f6fea45906f9971d7b8ff1f1454803b71fc9f0a92bf0ef1969597""}],""errors"":[],""interiorCount"":8,""exteriorCount"":1,""planCount"":0,""lastInteriorPosition"":8,""firstExteriorPosition"":9,""orderChanged"":false,""viewLabelsChanged"":[],""status"":""PASS""}]","[]"
"page","/services/mobile-kitchen-trailers/40ft/","40ft Mobile Kitchen Trailer Rental","PASS","[{""kind"":""page"",""route"":""/services/mobile-kitchen-trailers/40ft/"",""title"":""40ft Mobile Kitchen Trailer Rental"",""gallery"":1,""label"":""40ft Mobile Kitchen Trailer images"",""caption"":""Verified 40ft Mobile Kitchen Trailer equipment photography. Confirm the available unit's floor plan before booking."",""slides"":[{""position"":1,""original"":""/images/service-heroes/40ft-mobile-kitchen/01-960.webp"",""src"":""/images/service-heroes/40ft-mobile-kitchen/01-960.webp"",""srcSet"":""/images/service-heroes/40ft-mobile-kitchen/01-480.webp 480w, /images/service-heroes/40ft-mobile-kitchen/01-960.webp 960w"",""alt"":""40 ft mobile kitchen trailer interior view 1"",""reviewId"":"""",""family"":"""",""model"":"""",""declaredView"":""interior"",""visualView"":""interior"",""reviewKey"":""V065"",""visualBasis"":""Visually inspected full assigned photo in the numbered contact sheet."",""sha256"":""696f170a01186beb28a00d5926d2a42810815c0e11f5f78a81f40f6861c38141""},{""position"":2,""original"":""/images/service-heroes/40ft-mobile-kitchen/02-960.webp"",""src"":""/images/service-heroes/40ft-mobile-kitchen/02-960.webp"",""srcSet"":""/images/service-heroes/40ft-mobile-kitchen/02-480.webp 480w, /images/service-heroes/40ft-mobile-kitchen/02-960.webp 960w"",""alt"":""40 ft mobile kitchen trailer interior equipment detail 1"",""reviewId"":"""",""family"":"""",""model"":"""",""declaredView"":""detail"",""visualView"":""interior"",""reviewKey"":""V066"",""visualBasis"":""Visually inspected full assigned photo in the numbered contact sheet."",""sha256"":""e326adca34fe9610ee4158a01c7421798b35582f92d0392af1399161a0f63e2a""},{""position"":3,""original"":""/images/service-heroes/40ft-mobile-kitchen/03-960.webp"",""src"":""/images/service-heroes/40ft-mobile-kitchen/03-960.webp"",""srcSet"":""/images/service-heroes/40ft-mobile-kitchen/03-480.webp 480w, /images/service-heroes/40ft-mobile-kitchen/03-960.webp 960w"",""alt"":""40 ft mobile kitchen trailer interior equipment detail 2"",""reviewId"":"""",""family"":"""",""model"":"""",""declaredView"":""detail"",""visualView"":""interior"",""reviewKey"":""V067"",""visualBasis"":""Visually inspected full assigned photo in the numbered contact sheet."",""sha256"":""1e9d269a4987f6601888050d77e42b267f4b6c0f609ccbad95f5f7fa7e84b084""},{""position"":4,""original"":""/images/service-heroes/40ft-mobile-kitchen/04-960.webp"",""src"":""/images/service-heroes/40ft-mobile-kitchen/04-960.webp"",""srcSet"":""/images/service-heroes/40ft-mobile-kitchen/04-480.webp 480w, /images/service-heroes/40ft-mobile-kitchen/04-960.webp 960w"",""alt"":""40 ft mobile kitchen trailer interior equipment detail 3"",""reviewId"":"""",""family"":"""",""model"":"""",""declaredView"":""detail"",""visualView"":""interior"",""reviewKey"":""V068"",""visualBasis"":""Visually inspected full assigned photo in the numbered contact sheet."",""sha256"":""24f2275527634ae7e86eeff12d0b445d503383074378545722cc0a088f301ba0""},{""position"":5,""original"":""/images/service-heroes/40ft-mobile-kitchen/05-960.webp"",""src"":""/images/service-heroes/40ft-mobile-kitchen/05-960.webp"",""srcSet"":""/images/service-heroes/40ft-mobile-kitchen/05-480.webp 480w, /images/service-heroes/40ft-mobile-kitchen/05-960.webp 960w"",""alt"":""40 ft mobile kitchen trailer interior equipment detail 4"",""reviewId"":"""",""family"":"""",""model"":"""",""declaredView"":""detail"",""visualView"":""interior"",""reviewKey"":""V069"",""visualBasis"":""Visually inspected full assigned photo in the numbered contact sheet."",""sha256"":""84db966966229dedc91d69e5fcd9e56b08e7451c5500d0ed049f588fe760880e""},{""position"":6,""original"":""/images/service-heroes/40ft-mobile-kitchen/06-960.webp"",""src"":""/images/service-heroes/40ft-mobile-kitchen/06-960.webp"",""srcSet"":""/images/service-heroes/40ft-mobile-kitchen/06-480.webp 480w, /images/service-heroes/40ft-mobile-kitchen/06-960.webp 960w"",""alt"":""40 ft mobile kitchen trailer interior equipment detail 5"",""reviewId"":"""",""family"":"""",""model"":"""",""declaredView"":""detail"",""visualView"":""interior"",""reviewKey"":""V070"",""visualBasis"":""Visually inspected full assigned photo in the numbered contact sheet."",""sha256"":""8eb7424a348cd66f489611be730a7152075c1c8795740497681292a980a12bca""},{""position"":7,""original"":""/images/service-heroes/40ft-mobile-kitchen/07-960.webp"",""src"":""/images/service-heroes/40ft-mobile-kitchen/07-960.webp"",""srcSet"":""/images/service-heroes/40ft-mobile-kitchen/07-480.webp 480w, /images/service-heroes/40ft-mobile-kitchen/07-960.webp 960w"",""alt"":""40 ft mobile kitchen trailer interior equipment detail 6"",""reviewId"":"""",""family"":"""",""model"":"""",""declaredView"":""detail"",""visualView"":""interior"",""reviewKey"":""V071"",""visualBasis"":""Visually inspected full assigned photo in the numbered contact sheet."",""sha256"":""e79da5e86b9b9bc71751ae374e8dcb3f44e698a415e974686da0b38cf4b1ef7b""},{""position"":8,""original"":""/images/service-heroes/40ft-mobile-kitchen/08-960.webp"",""src"":""/images/service-heroes/40ft-mobile-kitchen/08-960.webp"",""srcSet"":""/images/service-heroes/40ft-mobile-kitchen/08-480.webp 480w, /images/service-heroes/40ft-mobile-kitchen/08-960.webp 960w"",""alt"":""40 ft mobile kitchen trailer interior equipment detail 7"",""reviewId"":"""",""family"":"""",""model"":"""",""declaredView"":""detail"",""visualView"":""interior"",""reviewKey"":""V072"",""visualBasis"":""Visually inspected full assigned photo in the numbered contact sheet."",""sha256"":""b526ec0281b8327f1f0c5c1f54cf5facf5224c11af4973e89cdf1ec608e3985c""},{""position"":9,""original"":""/images/service-heroes/40ft-mobile-kitchen/09-960.webp"",""src"":""/images/service-heroes/40ft-mobile-kitchen/09-960.webp"",""srcSet"":""/images/service-heroes/40ft-mobile-kitchen/09-480.webp 480w, /images/service-heroes/40ft-mobile-kitchen/09-960.webp 960w"",""alt"":""40 ft mobile kitchen trailer plan view 1"",""reviewId"":"""",""family"":"""",""model"":"""",""declaredView"":""plan"",""visualView"":""plan"",""reviewKey"":""V073"",""visualBasis"":""Visually inspected full assigned photo in the numbered contact sheet."",""sha256"":""635ffed871045e2428c39733a0771b4cdac447467e5a32685e83cfa16af405d1""},{""position"":10,""original"":""/images/service-heroes/40ft-mobile-kitchen/10-960.webp"",""src"":""/images/service-heroes/40ft-mobile-kitchen/10-960.webp"",""srcSet"":""/images/service-heroes/40ft-mobile-kitchen/10-480.webp 480w, /images/service-heroes/40ft-mobile-kitchen/10-960.webp 960w"",""alt"":""40 ft mobile kitchen trailer plan view 2"",""reviewId"":"""",""family"":"""",""model"":"""",""declaredView"":""plan"",""visualView"":""plan"",""reviewKey"":""V074"",""visualBasis"":""Visually inspected full assigned photo in the numbered contact sheet."",""sha256"":""1bb3b756d68c55448ebc013039c71dca9720ac4f34da36e693e07e24a7389119""}],""errors"":[],""interiorCount"":8,""exteriorCount"":0,""planCount"":2,""lastInteriorPosition"":8,""firstExteriorPosition"":null,""orderChanged"":false,""viewLabelsChanged"":[],""status"":""PASS""}]","[]"
"page","/services/mobile-sleeper-trailers/20ft-contractor/","20ft Contractor Sleeper Trailer Rental","PASS","[{""kind"":""page"",""route"":""/services/mobile-sleeper-trailers/20ft-contractor/"",""title"":""20ft Contractor Sleeper Trailer Rental"",""gallery"":1,""label"":""20ft Contractor Sleeper Trailer images"",""caption"":""Reference images from the supplied 20 ft contractor-accommodation collection. Confirm the actual layout and delivery configuration with your quote; the exterior references show modular accommodation units."",""slides"":[{""position"":1,""original"":""/media/equipment-drive/sleeper-and-accommodation/20ft-accommodation-contractor/20ft-accommodation-unit-bunk-bed-interior.png"",""src"":""/images/location-verified/30ed74f6a1ad4d9343eb-960.webp"",""srcSet"":""/images/location-verified/30ed74f6a1ad4d9343eb-480.webp 480w, /images/location-verified/30ed74f6a1ad4d9343eb-960.webp 960w"",""alt"":""Bunk beds and a reading light in a contractor-accommodation room"",""reviewId"":""22.01"",""family"":""contractor-accommodation"",""model"":""model-22"",""declaredView"":""interior"",""visualView"":""interior"",""reviewKey"":""V020"",""visualBasis"":""Visually inspected full assigned photo in the numbered contact sheet."",""sha256"":""30ed74f6a1ad4d9343eb450ccd325c2a586d9968d356f6163badc99b981e3052""},{""position"":2,""original"":""/media/equipment-drive/sleeper-and-accommodation/20ft-accommodation-contractor/20ft-mobile-accommodation-bunk-room-interior.png"",""src"":""/images/location-verified/fe6c68b1dc9123c64e49-960.webp"",""srcSet"":""/images/location-verified/fe6c68b1dc9123c64e49-480.webp 480w, /images/location-verified/fe6c68b1dc9123c64e49-960.webp 960w"",""alt"":""Doorway view of the contractor-accommodation bunk room"",""reviewId"":""22.04"",""family"":""contractor-accommodation"",""model"":""model-22"",""declaredView"":""interior"",""visualView"":""interior"",""reviewKey"":""V021"",""visualBasis"":""Visually inspected full assigned photo in the numbered contact sheet."",""sha256"":""fe6c68b1dc9123c64e49302d9f1481119b9209b3a9a4e7d3af0c2c5990221b7e""}],""errors"":[],""interiorCount"":2,""exteriorCount"":0,""planCount"":0,""lastInteriorPosition"":2,""firstExteriorPosition"":null,""orderChanged"":false,""viewLabelsChanged"":[],""status"":""PASS""}]","[]"
"page","/services/mobile-sleeper-trailers/20ft-shared/","20ft Shared Sleeper Trailer Rental","PASS","[{""kind"":""page"",""route"":""/services/mobile-sleeper-trailers/20ft-shared/"",""title"":""20ft Shared Sleeper Trailer Rental"",""gallery"":1,""label"":""20ft Shared Sleeper Trailer images"",""caption"":""Verified 20ft Shared Sleeper Trailer equipment photography. Confirm the available unit's floor plan before booking."",""slides"":[{""position"":1,""original"":""/media/4b67ae2ec507c379fdf9a7e3.png"",""src"":""/media/4b67ae2ec507c379fdf9a7e3.png"",""srcSet"":""/media/4b67ae2ec507c379fdf9a7e3.png"",""alt"":""Communal bunk-bed sleeping area inside a 20 ft shared mobile sleeper trailer"",""reviewId"":"""",""family"":"""",""model"":"""",""declaredView"":""interior"",""visualView"":""interior"",""reviewKey"":""V041"",""visualBasis"":""Visually inspected full assigned photo in the numbered contact sheet."",""sha256"":""66b284b0b2d2cbe2024bf757d9591b8cd19bd05cf8215aca083e0d368aec0650""},{""position"":2,""original"":""/media/599283a9ef6bf5d260ca0648.png"",""src"":""/media/599283a9ef6bf5d260ca0648.png"",""srcSet"":""/media/599283a9ef6bf5d260ca0648.png"",""alt"":""Four-bunk shared sleeping area inside a mobile sleeper trailer"",""reviewId"":"""",""family"":"""",""model"":"""",""declaredView"":""interior"",""visualView"":""interior"",""reviewKey"":""V042"",""visualBasis"":""Visually inspected full assigned photo in the numbered contact sheet."",""sha256"":""eb7878505cbc80dc0891d970062233b0787ce63fde2f8f1257a0fa7dc25de3dd""},{""position"":3,""original"":""/media/1ac07501887589e4f0c3060e.png"",""src"":""/media/1ac07501887589e4f0c3060e.png"",""srcSet"":""/media/1ac07501887589e4f0c3060e.png"",""alt"":""Exterior of a four-room mobile sleeper bunk-bed trailer"",""reviewId"":"""",""family"":"""",""model"":"""",""declaredView"":""exterior"",""visualView"":""exterior"",""reviewKey"":""V112"",""visualBasis"":""Visually inspected full assigned photo in the numbered contact sheet."",""sha256"":""e25f268b05e06bcff1c2ab174a93f1aad7d406ccea8b52a9635940abd878e3e1""}],""errors"":[],""interiorCount"":2,""exteriorCount"":1,""planCount"":0,""lastInteriorPosition"":2,""firstExteriorPosition"":3,""orderChanged"":false,""viewLabelsChanged"":[],""status"":""PASS""}]","[]"
"page","/services/mobile-sleeper-trailers/20ft-vip/","20ft VIP Sleeper Trailer Rental","PASS","[{""kind"":""page"",""route"":""/services/mobile-sleeper-trailers/20ft-vip/"",""title"":""20ft VIP Sleeper Trailer Rental"",""gallery"":1,""label"":""20ft VIP Sleeper Trailer images"",""caption"":""Private-room interior reference from the supplied 20 ft VIP-accommodation collection. Exterior and chassis configuration are not shown; confirm the available unit with your quote."",""slides"":[{""position"":1,""original"":""/media/equipment-drive/sleeper-and-accommodation/20ft-accommodation-vip/20ft-vip-accommodation-private-room.png"",""src"":""/images/location-verified/1be33879c903b5341e6b-960.webp"",""srcSet"":""/images/location-verified/1be33879c903b5341e6b-480.webp 480w, /images/location-verified/1be33879c903b5341e6b-960.webp 960w"",""alt"":""Private accommodation room with a bed, seating, refrigerator and microwave"",""reviewId"":""23.07"",""family"":""vip-accommodation"",""model"":""model-23"",""declaredView"":""interior"",""visualView"":""interior"",""reviewKey"":""V113"",""visualBasis"":""Visually inspected full assigned photo in the numbered contact sheet."",""sha256"":""1be33879c903b5341e6b25d4a6e675389587b151d16f41f6cd28980f221c3711""}],""errors"":[],""interiorCount"":1,""exteriorCount"":0,""planCount"":0,""lastInteriorPosition"":1,""firstExteriorPosition"":null,""orderChanged"":false,""viewLabelsChanged"":[],""status"":""PASS""}]","[]"
"page","/services/shower-containers/20ft-5-stall/","20 ft 5-Stall Shower Container Rental","PASS","[{""kind"":""page"",""route"":""/services/shower-containers/20ft-5-stall/"",""title"":""20 ft 5-Stall Shower Container Rental"",""gallery"":1,""label"":""20 ft Shower Container, 5 Stalls images"",""caption"":""Verified 20 ft Shower Container, 5 Stalls equipment photography. Confirm the available unit's floor plan before booking."",""slides"":[{""position"":1,""original"":""/images/service-heroes/20ft-shower-container/01-960.webp"",""src"":""/images/service-heroes/20ft-shower-container/01-960.webp"",""srcSet"":""/images/service-heroes/20ft-shower-container/01-480.webp 480w, /images/service-heroes/20ft-shower-container/01-960.webp 960w"",""alt"":""20 ft five-stall shower container interior view 1"",""reviewId"":"""",""family"":"""",""model"":"""",""declaredView"":""interior"",""visualView"":""interior"",""reviewKey"":""V100"",""visualBasis"":""Visually inspected full assigned photo in the numbered contact sheet."",""sha256"":""7537772dd50f1eb9261ab6ea8fc3b0761a8da0d77b721be43d321bbf8947d15b""},{""position"":2,""original"":""/images/service-heroes/20ft-shower-container/02-960.webp"",""src"":""/images/service-heroes/20ft-shower-container/02-960.webp"",""srcSet"":""/images/service-heroes/20ft-shower-container/02-480.webp 480w, /images/service-heroes/20ft-shower-container/02-960.webp 960w"",""alt"":""20 ft five-stall shower container interior view 2"",""reviewId"":"""",""family"":"""",""model"":"""",""declaredView"":""interior"",""visualView"":""interior"",""reviewKey"":""V101"",""visualBasis"":""Visually inspected full assigned photo in the numbered contact sheet."",""sha256"":""209bbe9d912b8d5bb3367baf2a307129c91e18cfccd4b9e90a482aed753b169a""},{""position"":3,""original"":""/images/service-heroes/20ft-shower-container/03-960.webp"",""src"":""/images/service-heroes/20ft-shower-container/03-960.webp"",""srcSet"":""/images/service-heroes/20ft-shower-container/03-480.webp 480w, /images/service-heroes/20ft-shower-container/03-960.webp 960w"",""alt"":""20 ft five-stall shower container interior view 3"",""reviewId"":"""",""family"":"""",""model"":"""",""declaredView"":""interior"",""visualView"":""interior"",""reviewKey"":""V102"",""visualBasis"":""Visually inspected full assigned photo in the numbered contact sheet."",""sha256"":""4caa95971c2f1aeaf9fa8d3e5d53e60fc6cb4f26073b2462a9b002e8bbf326a5""},{""position"":4,""original"":""/images/service-heroes/20ft-shower-container/04-960.webp"",""src"":""/images/service-heroes/20ft-shower-container/04-960.webp"",""srcSet"":""/images/service-heroes/20ft-shower-container/04-480.webp 480w, /images/service-heroes/20ft-shower-container/04-960.webp 960w"",""alt"":""20 ft five-stall shower container interior view 4"",""reviewId"":"""",""family"":"""",""model"":"""",""declaredView"":""interior"",""visualView"":""interior"",""reviewKey"":""V103"",""visualBasis"":""Visually inspected full assigned photo in the numbered contact sheet."",""sha256"":""046fe760e129a8efe853633456c0254477ef3e95a4276c688080b45b41d40a61""}],""errors"":[],""interiorCount"":4,""exteriorCount"":0,""planCount"":0,""lastInteriorPosition"":4,""firstExteriorPosition"":null,""orderChanged"":false,""viewLabelsChanged"":[],""status"":""PASS""}]","[]"
"page","/services/shower-restroom-combination-trailers/","Shower and Restroom Combination Trailer Rental","PASS","[{""kind"":""page"",""route"":""/services/shower-restroom-combination-trailers/"",""title"":""Shower and Restroom Combination Trailer Rental"",""gallery"":1,""label"":""22 ft 6-Stall Shower and Restroom Combination Trailer photography images"",""caption"":""Reviewed equipment reference images. Photos do not establish availability or a deployment in this location."",""slides"":[{""position"":1,""original"":""/media/equipment-drive/luxury-shower-restroom-combination-trailers/22ft-luxury-shower-restroom-combination-trailer-6-stalls/luxury-6-stall-shower-restroom-trailer-entry-steps.png"",""src"":""/images/location-verified/ee85c5176470af5e87fc-960.webp"",""srcSet"":""/images/location-verified/ee85c5176470af5e87fc-480.webp 480w, /images/location-verified/ee85c5176470af5e87fc-960.webp 937w"",""alt"":""Shower and toilet inside the combination trailer"",""reviewId"":""10.05"",""family"":""shower-restroom-combination"",""model"":""model-10"",""declaredView"":""interior"",""visualView"":""interior"",""reviewKey"":""V008"",""visualBasis"":""Despite entry-steps in the filename, this photo shows an enclosed shower and toilet interior."",""sha256"":""ee85c5176470af5e87fc10a0918d2a0e24be5a73eb645573733c80a5c89d969b""},{""position"":2,""original"":""/media/equipment-drive/luxury-shower-restroom-combination-trailers/22ft-luxury-shower-restroom-combination-trailer-6-stalls/luxury-shower-restroom-trailer-sink-vanity-interior.png"",""src"":""/images/location-verified/5c01e444dc88f976bfa3-960.webp"",""srcSet"":""/images/location-verified/5c01e444dc88f976bfa3-480.webp 480w, /images/location-verified/5c01e444dc88f976bfa3-960.webp 942w"",""alt"":""Wash basin and mirror inside the shower-restroom combination trailer"",""reviewId"":""10.07"",""family"":""shower-restroom-combination"",""model"":""model-10"",""declaredView"":""interior"",""visualView"":""interior"",""reviewKey"":""V009"",""visualBasis"":""Visually inspected full assigned photo in the numbered contact sheet."",""sha256"":""5c01e444dc88f976bfa395f817338fdca4765cf8be18394fa029cc8daf3e8a6c""},{""position"":3,""original"":""/media/equipment-drive/luxury-shower-restroom-combination-trailers/22ft-luxury-shower-restroom-combination-trailer-6-stalls/22ft-6-stall-shower-restroom-trailer-exterior.png"",""src"":""/images/location-verified/7db24ad2139ec43e362b-960.webp"",""srcSet"":""/images/location-verified/7db24ad2139ec43e362b-480.webp 480w, /images/location-verified/7db24ad2139ec43e362b-960.webp 941w"",""alt"":""Private entrances on a shower-restroom combination trailer inside a warehouse"",""reviewId"":""10.01"",""family"":""shower-restroom-combination"",""model"":""model-10"",""declaredView"":""exterior"",""visualView"":""exterior"",""reviewKey"":""V010"",""visualBasis"":""Visually inspected full assigned photo in the numbered contact sheet."",""sha256"":""7db24ad2139ec43e362befc5a46d484a7e69f851b1d6cafe4a414c0a04af0925""},{""position"":4,""original"":""/media/equipment-drive/luxury-shower-restroom-combination-trailers/22ft-luxury-shower-restroom-combination-trailer-6-stalls/22ft-luxury-shower-restroom-combination-trailer-6-stall-exterior.png"",""src"":""/images/location-verified/a1fd0e0d53b4d489ef53-960.webp"",""srcSet"":""/images/location-verified/a1fd0e0d53b4d489ef53-480.webp 480w, /images/location-verified/a1fd0e0d53b4d489ef53-960.webp 941w"",""alt"":""Exterior doors and steps of the combination trailer inside a warehouse"",""reviewId"":""10.02"",""family"":""shower-restroom-combination"",""model"":""model-10"",""declaredView"":""exterior"",""visualView"":""exterior"",""reviewKey"":""V011"",""visualBasis"":""Visually inspected full assigned photo in the numbered contact sheet."",""sha256"":""a1fd0e0d53b4d489ef53ad5af54f3571e9f298fa37dc79888a83351ba9e4563f""},{""position"":5,""original"":""/media/equipment-drive/luxury-shower-restroom-combination-trailers/22ft-luxury-shower-restroom-combination-trailer-6-stalls/luxury-shower-restroom-trailer-private-shower-stall.png"",""src"":""/images/location-verified/e9df604dc15c6e80be25-960.webp"",""srcSet"":""/images/location-verified/e9df604dc15c6e80be25-480.webp 480w, /images/location-verified/e9df604dc15c6e80be25-960.webp 941w"",""alt"":""Opposite-side entrances on the combination trailer inside a warehouse"",""reviewId"":""10.06"",""family"":""shower-restroom-combination"",""model"":""model-10"",""declaredView"":""exterior"",""visualView"":""exterior"",""reviewKey"":""V012"",""visualBasis"":""Despite private-shower-stall in the filename, the photo shows exterior doors, wheels and steps."",""sha256"":""e9df604dc15c6e80be25da73ae492955b09fc556aaf6f0e3d306085d5e82d441""}],""errors"":[],""interiorCount"":2,""exteriorCount"":3,""planCount"":0,""lastInteriorPosition"":2,""firstExteriorPosition"":3,""orderChanged"":false,""viewLabelsChanged"":[],""status"":""PASS""}]","[]"
"page","/services/shower-restroom-combination-trailers/13ft-3-stall/","13 ft 3-Stall Shower and Restroom Combination Trailer Rental","PASS","[{""kind"":""page"",""route"":""/services/shower-restroom-combination-trailers/13ft-3-stall/"",""title"":""13 ft 3-Stall Shower and Restroom Combination Trailer Rental"",""gallery"":1,""label"":""13 ft Luxury Shower and Restroom Combination Trailer, 3 Stalls images"",""caption"":""Verified 13 ft Luxury Shower and Restroom Combination Trailer, 3 Stalls equipment photography. Confirm the available unit's floor plan before booking."",""slides"":[{""position"":1,""original"":""/images/service-heroes/13ft-shower-restroom-combination/01-960.webp"",""src"":""/images/service-heroes/13ft-shower-restroom-combination/01-960.webp"",""srcSet"":""/images/service-heroes/13ft-shower-restroom-combination/01-480.webp 480w, /images/service-heroes/13ft-shower-restroom-combination/01-960.webp 960w"",""alt"":""13 ft three-stall shower and restroom combination trailer interior view 1"",""reviewId"":"""",""family"":"""",""model"":"""",""declaredView"":""interior"",""visualView"":""interior"",""reviewKey"":""V104"",""visualBasis"":""Visually inspected full assigned photo in the numbered contact sheet."",""sha256"":""ee51ac5462c066ad3850f911d4a30edb3da27a8f9db0932d5a5e5c26d3051076""},{""position"":2,""original"":""/images/service-heroes/13ft-shower-restroom-combination/02-960.webp"",""src"":""/images/service-heroes/13ft-shower-restroom-combination/02-960.webp"",""srcSet"":""/images/service-heroes/13ft-shower-restroom-combination/02-480.webp 480w, /images/service-heroes/13ft-shower-restroom-combination/02-960.webp 960w"",""alt"":""13 ft three-stall shower and restroom combination trailer interior view 2"",""reviewId"":"""",""family"":"""",""model"":"""",""declaredView"":""interior"",""visualView"":""interior"",""reviewKey"":""V105"",""visualBasis"":""Visually inspected full assigned photo in the numbered contact sheet."",""sha256"":""c95dacf7afd847e41765e1954f868190f62a1a13386f1198b2f77781a216f118""}],""errors"":[],""interiorCount"":2,""exteriorCount"":0,""planCount"":0,""lastInteriorPosition"":2,""firstExteriorPosition"":null,""orderChanged"":false,""viewLabelsChanged"":[],""status"":""PASS""}]","[]"
"page","/services/shower-restroom-combination-trailers/22ft-6-stall/","22 ft 6-Stall Shower and Restroom Combination Trailer Rental","PASS","[{""kind"":""page"",""route"":""/services/shower-restroom-combination-trailers/22ft-6-stall/"",""title"":""22 ft 6-Stall Shower and Restroom Combination Trailer Rental"",""gallery"":1,""label"":""22 ft Luxury Shower and Restroom Combination Trailer, 6 Stalls images"",""caption"":""Verified 22 ft Luxury Shower and Restroom Combination Trailer, 6 Stalls equipment photography. Confirm the available unit's floor plan before booking."",""slides"":[{""position"":1,""original"":""/images/service-heroes/22ft-shower-restroom-combination/01-960.webp"",""src"":""/images/service-heroes/22ft-shower-restroom-combination/01-960.webp"",""srcSet"":""/images/service-heroes/22ft-shower-restroom-combination/01-480.webp 480w, /images/service-heroes/22ft-shower-restroom-combination/01-960.webp 960w"",""alt"":""22 ft six-stall shower and restroom combination trailer interior view 1"",""reviewId"":"""",""family"":"""",""model"":"""",""declaredView"":""interior"",""visualView"":""interior"",""reviewKey"":""V106"",""visualBasis"":""Visually inspected full assigned photo in the numbered contact sheet."",""sha256"":""c4dcce1cd34f4f1a7855b9a43494a4e505b1a1e2a8c5ff061cd3654dcdb1f2c4""},{""position"":2,""original"":""/images/service-heroes/22ft-shower-restroom-combination/04-960.webp"",""src"":""/images/service-heroes/22ft-shower-restroom-combination/04-960.webp"",""srcSet"":""/images/service-heroes/22ft-shower-restroom-combination/04-480.webp 480w, /images/service-heroes/22ft-shower-restroom-combination/04-960.webp 960w"",""alt"":""22 ft six-stall shower and restroom combination trailer interior equipment detail 1"",""reviewId"":"""",""family"":"""",""model"":"""",""declaredView"":""detail"",""visualView"":""interior"",""reviewKey"":""V107"",""visualBasis"":""Visually inspected full assigned photo in the numbered contact sheet."",""sha256"":""68dba6f854b637cf7adefab6e2cdccd5d0ddae012a0c8c7f17589fadc7e4971d""},{""position"":3,""original"":""/images/service-heroes/22ft-shower-restroom-combination/02-960.webp"",""src"":""/images/service-heroes/22ft-shower-restroom-combination/02-960.webp"",""srcSet"":""/images/service-heroes/22ft-shower-restroom-combination/02-480.webp 480w, /images/service-heroes/22ft-shower-restroom-combination/02-960.webp 960w"",""alt"":""22 ft six-stall shower and restroom combination trailer with multiple private entrances inside a commercial warehouse"",""reviewId"":"""",""family"":"""",""model"":"""",""declaredView"":""exterior"",""visualView"":""exterior"",""reviewKey"":""V108"",""visualBasis"":""Visually inspected full assigned photo in the numbered contact sheet."",""sha256"":""39e4eaec59844302725bdbc238feb73e837aa7f0b64473264ca444b38aad7770""},{""position"":4,""original"":""/images/service-heroes/22ft-shower-restroom-combination/03-960.webp"",""src"":""/images/service-heroes/22ft-shower-restroom-combination/03-960.webp"",""srcSet"":""/images/service-heroes/22ft-shower-restroom-combination/03-480.webp 480w, /images/service-heroes/22ft-shower-restroom-combination/03-960.webp 960w"",""alt"":""Opposite-side view of a 22 ft six-stall shower and restroom combination trailer inside a commercial warehouse"",""reviewId"":"""",""family"":"""",""model"":"""",""declaredView"":""exterior"",""visualView"":""exterior"",""reviewKey"":""V109"",""visualBasis"":""Visually inspected full assigned photo in the numbered contact sheet."",""sha256"":""034e9196e75acb7b6e1d71b2acc80de8e311139149ebd42ad12dba816f82a173""},{""position"":5,""original"":""/images/service-heroes/22ft-shower-restroom-combination/05-960.webp"",""src"":""/images/service-heroes/22ft-shower-restroom-combination/05-960.webp"",""srcSet"":""/images/service-heroes/22ft-shower-restroom-combination/05-480.webp 480w, /images/service-heroes/22ft-shower-restroom-combination/05-960.webp 960w"",""alt"":""22 ft six-stall shower and restroom combination trailer exterior view 3"",""reviewId"":"""",""family"":"""",""model"":"""",""declaredView"":""exterior"",""visualView"":""exterior"",""reviewKey"":""V110"",""visualBasis"":""Visually inspected full assigned photo in the numbered contact sheet."",""sha256"":""572d25f6190725d2e3a2dcd0d1965e0a078d18ac96520aab96c43a3cf046adfc""}],""errors"":[],""interiorCount"":2,""exteriorCount"":3,""planCount"":0,""lastInteriorPosition"":2,""firstExteriorPosition"":3,""orderChanged"":false,""viewLabelsChanged"":[],""status"":""PASS""}]","[]"
"page","/services/shower-restroom-combination-trailers/30ft-8-stall/","30 ft 8-Stall Shower and Restroom Combination Trailer Rental","PASS","[{""kind"":""page"",""route"":""/services/shower-restroom-combination-trailers/30ft-8-stall/"",""title"":""30 ft 8-Stall Shower and Restroom Combination Trailer Rental"",""gallery"":1,""label"":""30 ft Luxury Shower and Restroom Combination Trailer, 8 Stalls images"",""caption"":""Verified 30 ft Luxury Shower and Restroom Combination Trailer, 8 Stalls equipment photography. Confirm the available unit's floor plan before booking."",""slides"":[{""position"":1,""original"":""/images/service-heroes/30ft-shower-restroom-combination/01-960.webp"",""src"":""/images/service-heroes/30ft-shower-restroom-combination/01-960.webp"",""srcSet"":""/images/service-heroes/30ft-shower-restroom-combination/01-480.webp 480w, /images/service-heroes/30ft-shower-restroom-combination/01-960.webp 960w"",""alt"":""30 ft eight-stall shower and restroom combination trailer with multiple private exterior entrances"",""reviewId"":"""",""family"":"""",""model"":"""",""declaredView"":""exterior"",""visualView"":""exterior"",""reviewKey"":""V111"",""visualBasis"":""Visually inspected full assigned photo in the numbered contact sheet."",""sha256"":""e0ebd0ea30f539c2ddefdb734a6842ecd12a78e9f49269d1c5042e672b531c0a""}],""errors"":[],""interiorCount"":0,""exteriorCount"":1,""planCount"":0,""lastInteriorPosition"":null,""firstExteriorPosition"":1,""orderChanged"":false,""viewLabelsChanged"":[],""status"":""PASS""}]","[]"
