source_url,source_host,source_path,historical_http_code,referring_domains,dofollow_links,route_kind,path_redirect_hops,final_path,local_html,robots,canonical,sitemap_member,pass
https://www.temporary123.com/temporary-workforce-housing-facilities/,www.temporary123.com,/temporary-workforce-housing-facilities/,301,4,22678,redirect,1,/man-camps-for-rent/,True,"index,follow",https://temporary123.com/man-camps-for-rent/,True,True
https://www.temporary123.com/remote-workforce-house-company-in-alabama/,www.temporary123.com,/remote-workforce-house-company-in-alabama/,301,1,22659,redirect,1,/man-camps-for-rent/,True,"index,follow",https://temporary123.com/man-camps-for-rent/,True,True
https://www.temporary123.com/remote-workforce-housing-rentals-in-arizona/,www.temporary123.com,/remote-workforce-housing-rentals-in-arizona/,301,1,22659,redirect,1,/man-camps-for-rent/,True,"index,follow",https://temporary123.com/man-camps-for-rent/,True,True
https://www.temporary123.com/remote-workforce-housing-services-in-alaska/,www.temporary123.com,/remote-workforce-housing-services-in-alaska/,403,1,22659,redirect,1,/man-camps-for-rent/,True,"index,follow",https://temporary123.com/man-camps-for-rent/,True,True
https://temporary123.com/temporary-workforce-housing-facilities/,temporary123.com,/temporary-workforce-housing-facilities/,403,4,5158,redirect,1,/man-camps-for-rent/,True,"index,follow",https://temporary123.com/man-camps-for-rent/,True,True
https://temporary123.com/remote-workforce-house-company-in-alabama/,temporary123.com,/remote-workforce-house-company-in-alabama/,200,1,4351,redirect,1,/man-camps-for-rent/,True,"index,follow",https://temporary123.com/man-camps-for-rent/,True,True
https://temporary123.com/remote-workforce-housing-rentals-in-arizona/,temporary123.com,/remote-workforce-housing-rentals-in-arizona/,403,1,2313,redirect,1,/man-camps-for-rent/,True,"index,follow",https://temporary123.com/man-camps-for-rent/,True,True
https://www.temporary123.com/equipment-rental/sleeper-trailers/,www.temporary123.com,/equipment-rental/sleeper-trailers/,,2,344,redirect,1,/equipment-rental/mobile-sleep-trailers/,True,"index,follow",https://temporary123.com/equipment-rental/mobile-sleep-trailers/,True,True
https://www.temporary123.com/equipment-rental/breakroom-trailer/,www.temporary123.com,/equipment-rental/breakroom-trailer/,301,1,343,direct,0,/equipment-rental/breakroom-trailer/,True,"index,follow",https://temporary123.com/equipment-rental/breakroom-trailer/,True,True
https://www.temporary123.com/equipment-rental/command-center-trailers/,www.temporary123.com,/equipment-rental/command-center-trailers/,301,1,343,redirect,1,/equipment-rental/modular-command-center-trailers/,True,"index,follow",https://temporary123.com/equipment-rental/modular-command-center-trailers/,True,True
https://www.temporary123.com/equipment-rental/decontamination-trailers/,www.temporary123.com,/equipment-rental/decontamination-trailers/,301,1,343,redirect,1,/equipment-rental/,True,"index,follow",https://temporary123.com/equipment-rental/,True,True
https://www.temporary123.com/equipment-rental/mobile-office-trailers/,www.temporary123.com,/equipment-rental/mobile-office-trailers/,301,1,343,direct,0,/equipment-rental/mobile-office-trailers/,True,"index,follow",https://temporary123.com/equipment-rental/mobile-office-trailers/,True,True
https://www.temporary123.com/equipment-rental/multi-trailer/,www.temporary123.com,/equipment-rental/multi-trailer/,301,1,343,redirect,1,/equipment-rental/,True,"index,follow",https://temporary123.com/equipment-rental/,True,True
https://www.temporary123.com/equipment-rental/restroom-trailers/,www.temporary123.com,/equipment-rental/restroom-trailers/,301,1,343,direct,0,/equipment-rental/restroom-trailers/,True,"index,follow",https://temporary123.com/equipment-rental/restroom-trailers/,True,True
https://www.temporary123.com/equipment-rental/shower-trailer/,www.temporary123.com,/equipment-rental/shower-trailer/,301,1,343,direct,0,/equipment-rental/shower-trailer/,True,"index,follow",https://temporary123.com/equipment-rental/shower-trailer/,True,True
https://www.temporary123.com/equipment-rental/dump-rental/,www.temporary123.com,/equipment-rental/dump-rental/,301,1,239,redirect,1,/equipment-rental/fencing-barricades-trash-receptacles/,True,"index,follow",https://temporary123.com/equipment-rental/fencing-barricades-trash-receptacles/,True,True
https://www.temporary123.com/equipment-rental/generator-trailers/,www.temporary123.com,/equipment-rental/generator-trailers/,301,1,239,direct,0,/equipment-rental/generator-trailers/,True,"index,follow",https://temporary123.com/equipment-rental/generator-trailers/,True,True
https://www.temporary123.com/equipment-rental/port-potties-and-port-johns/,www.temporary123.com,/equipment-rental/port-potties-and-port-johns/,301,1,239,redirect,1,/equipment-rental/restroom-trailers/,True,"index,follow",https://temporary123.com/equipment-rental/restroom-trailers/,True,True
https://www.temporary123.com/equipment-rental/ramp-rental/,www.temporary123.com,/equipment-rental/ramp-rental/,301,1,239,redirect,1,/equipment-rental/ramp-rentals/,True,"index,follow",https://temporary123.com/equipment-rental/ramp-rentals/,True,True
https://www.temporary123.com/equipment-rental/stair-rental/,www.temporary123.com,/equipment-rental/stair-rental/,301,1,239,redirect,1,/equipment-rental/stair-rentals/,True,"index,follow",https://temporary123.com/equipment-rental/stair-rentals/,True,True
https://www.temporary123.com/equipment-rental/waste-container/,www.temporary123.com,/equipment-rental/waste-container/,301,1,239,redirect,1,/equipment-rental/fencing-barricades-trash-receptacles/,True,"index,follow",https://temporary123.com/equipment-rental/fencing-barricades-trash-receptacles/,True,True
https://www.temporary123.com/equipment-rental/wastewater-and-freshwater-container/,www.temporary123.com,/equipment-rental/wastewater-and-freshwater-container/,301,1,239,direct,0,/equipment-rental/wastewater-and-freshwater-container/,True,"index,follow",https://temporary123.com/equipment-rental/wastewater-and-freshwater-container/,True,True
https://temporary123.com/equipment-rental/decontamination-trailers/,temporary123.com,/equipment-rental/decontamination-trailers/,403,1,190,redirect,1,/equipment-rental/,True,"index,follow",https://temporary123.com/equipment-rental/,True,True
https://temporary123.com/,temporary123.com,/,403,579,182,direct,0,/,True,"index,follow",https://temporary123.com/,True,True
https://temporary123.com/equipment-rental/breakroom-trailer/,temporary123.com,/equipment-rental/breakroom-trailer/,200,1,178,direct,0,/equipment-rental/breakroom-trailer/,True,"index,follow",https://temporary123.com/equipment-rental/breakroom-trailer/,True,True
https://temporary123.com/equipment-rental/command-center-trailers/,temporary123.com,/equipment-rental/command-center-trailers/,200,1,178,redirect,1,/equipment-rental/modular-command-center-trailers/,True,"index,follow",https://temporary123.com/equipment-rental/modular-command-center-trailers/,True,True
https://temporary123.com/equipment-rental/multi-trailer/,temporary123.com,/equipment-rental/multi-trailer/,200,1,178,redirect,1,/equipment-rental/,True,"index,follow",https://temporary123.com/equipment-rental/,True,True
https://temporary123.com/equipment-rental/restroom-trailers/,temporary123.com,/equipment-rental/restroom-trailers/,200,1,178,direct,0,/equipment-rental/restroom-trailers/,True,"index,follow",https://temporary123.com/equipment-rental/restroom-trailers/,True,True
https://temporary123.com/equipment-rental/shower-trailer/,temporary123.com,/equipment-rental/shower-trailer/,200,1,178,direct,0,/equipment-rental/shower-trailer/,True,"index,follow",https://temporary123.com/equipment-rental/shower-trailer/,True,True
https://temporary123.com/equipment-rental/mobile-office-trailers/,temporary123.com,/equipment-rental/mobile-office-trailers/,200,1,177,direct,0,/equipment-rental/mobile-office-trailers/,True,"index,follow",https://temporary123.com/equipment-rental/mobile-office-trailers/,True,True
https://www.temporary123.com/,www.temporary123.com,/,301,307,166,direct,0,/,True,"index,follow",https://temporary123.com/,True,True
https://temporary123.com/equipment-rental/ramp-rental/,temporary123.com,/equipment-rental/ramp-rental/,200,1,111,redirect,1,/equipment-rental/ramp-rentals/,True,"index,follow",https://temporary123.com/equipment-rental/ramp-rentals/,True,True
https://temporary123.com/equipment-rental/generator-trailers/,temporary123.com,/equipment-rental/generator-trailers/,200,1,107,direct,0,/equipment-rental/generator-trailers/,True,"index,follow",https://temporary123.com/equipment-rental/generator-trailers/,True,True
https://temporary123.com/equipment-rental/port-potties-and-port-johns/,temporary123.com,/equipment-rental/port-potties-and-port-johns/,200,1,107,redirect,1,/equipment-rental/restroom-trailers/,True,"index,follow",https://temporary123.com/equipment-rental/restroom-trailers/,True,True
https://temporary123.com/equipment-rental/stair-rental/,temporary123.com,/equipment-rental/stair-rental/,200,1,107,redirect,1,/equipment-rental/stair-rentals/,True,"index,follow",https://temporary123.com/equipment-rental/stair-rentals/,True,True
https://temporary123.com/equipment-rental/wastewater-and-freshwater-container/,temporary123.com,/equipment-rental/wastewater-and-freshwater-container/,403,1,107,direct,0,/equipment-rental/wastewater-and-freshwater-container/,True,"index,follow",https://temporary123.com/equipment-rental/wastewater-and-freshwater-container/,True,True
https://temporary123.com/equipment-rental/dump-rental/,temporary123.com,/equipment-rental/dump-rental/,200,1,105,redirect,1,/equipment-rental/fencing-barricades-trash-receptacles/,True,"index,follow",https://temporary123.com/equipment-rental/fencing-barricades-trash-receptacles/,True,True
https://temporary123.com/equipment-rental/waste-container/,temporary123.com,/equipment-rental/waste-container/,200,1,105,redirect,1,/equipment-rental/fencing-barricades-trash-receptacles/,True,"index,follow",https://temporary123.com/equipment-rental/fencing-barricades-trash-receptacles/,True,True
https://www.temporary123.com/emergency-workforce-housing-in-california/,www.temporary123.com,/emergency-workforce-housing-in-california/,403,1,88,redirect,1,/man-camps-for-rent/,True,"index,follow",https://temporary123.com/man-camps-for-rent/,True,True
https://www.temporary123.com/remote-workforce-house-company-in-hawaii/,www.temporary123.com,/remote-workforce-house-company-in-hawaii/,403,1,87,redirect,1,/man-camps-for-rent/,True,"index,follow",https://temporary123.com/man-camps-for-rent/,True,True
https://www.temporary123.com/remote-workforce-housing-services-in-idaho/,www.temporary123.com,/remote-workforce-housing-services-in-idaho/,403,1,87,redirect,1,/man-camps-for-rent/,True,"index,follow",https://temporary123.com/man-camps-for-rent/,True,True
https://www.temporary123.com/temporary-remote-workforce-housing-services-in-arkansas/,www.temporary123.com,/temporary-remote-workforce-housing-services-in-arkansas/,403,1,87,redirect,1,/man-camps-for-rent/,True,"index,follow",https://temporary123.com/man-camps-for-rent/,True,True
https://www.temporary123.com/temporary-remote-workforce-housing-services-in-illinois/,www.temporary123.com,/temporary-remote-workforce-housing-services-in-illinois/,403,1,87,redirect,1,/man-camps-for-rent/,True,"index,follow",https://temporary123.com/man-camps-for-rent/,True,True
https://www.temporary123.com/temporary-remote-workforce-housing-services-in-massachusetts/,www.temporary123.com,/temporary-remote-workforce-housing-services-in-massachusetts/,,1,87,redirect,1,/man-camps-for-rent/,True,"index,follow",https://temporary123.com/man-camps-for-rent/,True,True
https://www.temporary123.com/temporary-remote-workforce-housing-services-in-michigan/,www.temporary123.com,/temporary-remote-workforce-housing-services-in-michigan/,403,1,87,redirect,1,/man-camps-for-rent/,True,"index,follow",https://temporary123.com/man-camps-for-rent/,True,True
https://www.temporary123.com/workforce-housing-shelters-in-colorado/,www.temporary123.com,/workforce-housing-shelters-in-colorado/,301,1,87,redirect,1,/man-camps-for-rent/,True,"index,follow",https://temporary123.com/man-camps-for-rent/,True,True
http://www.temporary123.com/,www.temporary123.com,/,403,3,73,direct,0,/,True,"index,follow",https://temporary123.com/,True,True
https://temporary123.com/workforce-housing-shelters-in-colorado/,temporary123.com,/workforce-housing-shelters-in-colorado/,403,1,45,redirect,1,/man-camps-for-rent/,True,"index,follow",https://temporary123.com/man-camps-for-rent/,True,True
https://www.temporary123.com/equipment-rental/restroom-trailers/portable-restroom-trailers-in-california/,www.temporary123.com,/equipment-rental/restroom-trailers/portable-restroom-trailers-in-california/,301,6,12,redirect,1,/equipment-rental/restroom-trailers/,True,"index,follow",https://temporary123.com/equipment-rental/restroom-trailers/,True,True
https://www.temporary123.com/equipment-rental/restroom-trailers/portable-restroom-trailers-in-alabama/,www.temporary123.com,/equipment-rental/restroom-trailers/portable-restroom-trailers-in-alabama/,301,1,10,redirect,1,/equipment-rental/restroom-trailers/,True,"index,follow",https://temporary123.com/equipment-rental/restroom-trailers/,True,True
https://www.temporary123.com/equipment-rental/restroom-trailers/portable-restroom-trailers-in-alaska/,www.temporary123.com,/equipment-rental/restroom-trailers/portable-restroom-trailers-in-alaska/,403,1,10,redirect,1,/equipment-rental/restroom-trailers/,True,"index,follow",https://temporary123.com/equipment-rental/restroom-trailers/,True,True
https://www.temporary123.com/equipment-rental/restroom-trailers/portable-restroom-trailers-in-alberta-ca/,www.temporary123.com,/equipment-rental/restroom-trailers/portable-restroom-trailers-in-alberta-ca/,301,1,10,redirect,1,/equipment-rental/restroom-trailers/,True,"index,follow",https://temporary123.com/equipment-rental/restroom-trailers/,True,True
https://www.temporary123.com/equipment-rental/restroom-trailers/portable-restroom-trailers-in-arizona/,www.temporary123.com,/equipment-rental/restroom-trailers/portable-restroom-trailers-in-arizona/,301,1,10,redirect,1,/equipment-rental/restroom-trailers/,True,"index,follow",https://temporary123.com/equipment-rental/restroom-trailers/,True,True
https://www.temporary123.com/equipment-rental/restroom-trailers/portable-restroom-trailers-in-arkansas/,www.temporary123.com,/equipment-rental/restroom-trailers/portable-restroom-trailers-in-arkansas/,301,1,10,redirect,1,/equipment-rental/restroom-trailers/,True,"index,follow",https://temporary123.com/equipment-rental/restroom-trailers/,True,True
https://www.temporary123.com/equipment-rental/restroom-trailers/portable-restroom-trailers-in-colorado/,www.temporary123.com,/equipment-rental/restroom-trailers/portable-restroom-trailers-in-colorado/,301,1,10,redirect,1,/equipment-rental/restroom-trailers/,True,"index,follow",https://temporary123.com/equipment-rental/restroom-trailers/,True,True
https://www.temporary123.com/equipment-rental/restroom-trailers/portable-restroom-trailers-in-connecticut/,www.temporary123.com,/equipment-rental/restroom-trailers/portable-restroom-trailers-in-connecticut/,301,1,10,redirect,1,/equipment-rental/restroom-trailers/,True,"index,follow",https://temporary123.com/equipment-rental/restroom-trailers/,True,True
https://www.temporary123.com/equipment-rental/restroom-trailers/portable-restroom-trailers-in-delaware/,www.temporary123.com,/equipment-rental/restroom-trailers/portable-restroom-trailers-in-delaware/,301,1,10,redirect,1,/equipment-rental/restroom-trailers/,True,"index,follow",https://temporary123.com/equipment-rental/restroom-trailers/,True,True
https://www.temporary123.com/equipment-rental/restroom-trailers/portable-restroom-trailers-in-district-of-columbia/,www.temporary123.com,/equipment-rental/restroom-trailers/portable-restroom-trailers-in-district-of-columbia/,301,1,10,redirect,1,/equipment-rental/restroom-trailers/,True,"index,follow",https://temporary123.com/equipment-rental/restroom-trailers/,True,True
https://www.temporary123.com/equipment-rental/restroom-trailers/portable-restroom-trailers-in-florida/,www.temporary123.com,/equipment-rental/restroom-trailers/portable-restroom-trailers-in-florida/,403,1,10,redirect,1,/equipment-rental/restroom-trailers/,True,"index,follow",https://temporary123.com/equipment-rental/restroom-trailers/,True,True
https://www.temporary123.com/equipment-rental/restroom-trailers/portable-restroom-trailers-in-georgia/,www.temporary123.com,/equipment-rental/restroom-trailers/portable-restroom-trailers-in-georgia/,403,1,10,redirect,1,/equipment-rental/restroom-trailers/,True,"index,follow",https://temporary123.com/equipment-rental/restroom-trailers/,True,True
https://www.temporary123.com/equipment-rental/restroom-trailers/portable-restroom-trailers-in-hawaii/,www.temporary123.com,/equipment-rental/restroom-trailers/portable-restroom-trailers-in-hawaii/,301,1,10,redirect,1,/equipment-rental/restroom-trailers/,True,"index,follow",https://temporary123.com/equipment-rental/restroom-trailers/,True,True
https://www.temporary123.com/equipment-rental/restroom-trailers/portable-restroom-trailers-in-idaho/,www.temporary123.com,/equipment-rental/restroom-trailers/portable-restroom-trailers-in-idaho/,301,1,10,redirect,1,/equipment-rental/restroom-trailers/,True,"index,follow",https://temporary123.com/equipment-rental/restroom-trailers/,True,True
https://www.temporary123.com/equipment-rental/restroom-trailers/portable-restroom-trailers-in-illinois/,www.temporary123.com,/equipment-rental/restroom-trailers/portable-restroom-trailers-in-illinois/,403,1,10,redirect,1,/equipment-rental/restroom-trailers/,True,"index,follow",https://temporary123.com/equipment-rental/restroom-trailers/,True,True
https://www.temporary123.com/equipment-rental/restroom-trailers/portable-restroom-trailers-in-indiana/,www.temporary123.com,/equipment-rental/restroom-trailers/portable-restroom-trailers-in-indiana/,301,1,10,redirect,1,/equipment-rental/restroom-trailers/,True,"index,follow",https://temporary123.com/equipment-rental/restroom-trailers/,True,True
https://www.temporary123.com/equipment-rental/restroom-trailers/portable-restroom-trailers-in-iowa/,www.temporary123.com,/equipment-rental/restroom-trailers/portable-restroom-trailers-in-iowa/,301,1,10,redirect,1,/equipment-rental/restroom-trailers/,True,"index,follow",https://temporary123.com/equipment-rental/restroom-trailers/,True,True
https://www.temporary123.com/equipment-rental/restroom-trailers/portable-restroom-trailers-in-kansas/,www.temporary123.com,/equipment-rental/restroom-trailers/portable-restroom-trailers-in-kansas/,301,1,10,redirect,1,/equipment-rental/restroom-trailers/,True,"index,follow",https://temporary123.com/equipment-rental/restroom-trailers/,True,True
https://www.temporary123.com/equipment-rental/restroom-trailers/portable-restroom-trailers-in-kentucky/,www.temporary123.com,/equipment-rental/restroom-trailers/portable-restroom-trailers-in-kentucky/,403,1,10,redirect,1,/equipment-rental/restroom-trailers/,True,"index,follow",https://temporary123.com/equipment-rental/restroom-trailers/,True,True
https://www.temporary123.com/equipment-rental/restroom-trailers/portable-restroom-trailers-in-louisiana/,www.temporary123.com,/equipment-rental/restroom-trailers/portable-restroom-trailers-in-louisiana/,301,1,10,redirect,1,/equipment-rental/restroom-trailers/,True,"index,follow",https://temporary123.com/equipment-rental/restroom-trailers/,True,True
https://www.temporary123.com/equipment-rental/restroom-trailers/portable-restroom-trailers-in-maine/,www.temporary123.com,/equipment-rental/restroom-trailers/portable-restroom-trailers-in-maine/,301,1,10,redirect,1,/equipment-rental/restroom-trailers/,True,"index,follow",https://temporary123.com/equipment-rental/restroom-trailers/,True,True
https://www.temporary123.com/equipment-rental/restroom-trailers/portable-restroom-trailers-in-maryland/,www.temporary123.com,/equipment-rental/restroom-trailers/portable-restroom-trailers-in-maryland/,301,1,10,redirect,1,/equipment-rental/restroom-trailers/,True,"index,follow",https://temporary123.com/equipment-rental/restroom-trailers/,True,True
https://www.temporary123.com/equipment-rental/restroom-trailers/portable-restroom-trailers-in-massachusetts/,www.temporary123.com,/equipment-rental/restroom-trailers/portable-restroom-trailers-in-massachusetts/,301,1,10,redirect,1,/equipment-rental/restroom-trailers/,True,"index,follow",https://temporary123.com/equipment-rental/restroom-trailers/,True,True
https://www.temporary123.com/equipment-rental/restroom-trailers/portable-restroom-trailers-in-michigan/,www.temporary123.com,/equipment-rental/restroom-trailers/portable-restroom-trailers-in-michigan/,301,1,10,redirect,1,/equipment-rental/restroom-trailers/,True,"index,follow",https://temporary123.com/equipment-rental/restroom-trailers/,True,True
https://www.temporary123.com/equipment-rental/restroom-trailers/portable-restroom-trailers-in-minnesota/,www.temporary123.com,/equipment-rental/restroom-trailers/portable-restroom-trailers-in-minnesota/,301,1,10,redirect,1,/equipment-rental/restroom-trailers/,True,"index,follow",https://temporary123.com/equipment-rental/restroom-trailers/,True,True
https://www.temporary123.com/equipment-rental/restroom-trailers/portable-restroom-trailers-in-mississippi/,www.temporary123.com,/equipment-rental/restroom-trailers/portable-restroom-trailers-in-mississippi/,301,1,10,redirect,1,/equipment-rental/restroom-trailers/,True,"index,follow",https://temporary123.com/equipment-rental/restroom-trailers/,True,True
https://www.temporary123.com/equipment-rental/restroom-trailers/portable-restroom-trailers-in-missouri/,www.temporary123.com,/equipment-rental/restroom-trailers/portable-restroom-trailers-in-missouri/,301,1,10,redirect,1,/equipment-rental/restroom-trailers/,True,"index,follow",https://temporary123.com/equipment-rental/restroom-trailers/,True,True
https://www.temporary123.com/equipment-rental/restroom-trailers/portable-restroom-trailers-in-montana/,www.temporary123.com,/equipment-rental/restroom-trailers/portable-restroom-trailers-in-montana/,301,1,10,redirect,1,/equipment-rental/restroom-trailers/,True,"index,follow",https://temporary123.com/equipment-rental/restroom-trailers/,True,True
https://www.temporary123.com/equipment-rental/restroom-trailers/portable-restroom-trailers-in-nebraska/,www.temporary123.com,/equipment-rental/restroom-trailers/portable-restroom-trailers-in-nebraska/,301,1,10,redirect,1,/equipment-rental/restroom-trailers/,True,"index,follow",https://temporary123.com/equipment-rental/restroom-trailers/,True,True
https://www.temporary123.com/equipment-rental/restroom-trailers/portable-restroom-trailers-in-nevada/,www.temporary123.com,/equipment-rental/restroom-trailers/portable-restroom-trailers-in-nevada/,301,1,10,redirect,1,/equipment-rental/restroom-trailers/,True,"index,follow",https://temporary123.com/equipment-rental/restroom-trailers/,True,True
https://www.temporary123.com/equipment-rental/restroom-trailers/portable-restroom-trailers-in-new-hampshire/,www.temporary123.com,/equipment-rental/restroom-trailers/portable-restroom-trailers-in-new-hampshire/,301,1,10,redirect,1,/equipment-rental/restroom-trailers/,True,"index,follow",https://temporary123.com/equipment-rental/restroom-trailers/,True,True
https://www.temporary123.com/equipment-rental/restroom-trailers/portable-restroom-trailers-in-new-jersey/,www.temporary123.com,/equipment-rental/restroom-trailers/portable-restroom-trailers-in-new-jersey/,301,1,10,redirect,1,/equipment-rental/restroom-trailers/,True,"index,follow",https://temporary123.com/equipment-rental/restroom-trailers/,True,True
https://www.temporary123.com/equipment-rental/restroom-trailers/portable-restroom-trailers-in-new-mexico/,www.temporary123.com,/equipment-rental/restroom-trailers/portable-restroom-trailers-in-new-mexico/,,1,10,redirect,1,/equipment-rental/restroom-trailers/,True,"index,follow",https://temporary123.com/equipment-rental/restroom-trailers/,True,True
https://www.temporary123.com/equipment-rental/restroom-trailers/portable-restroom-trailers-in-new-york/,www.temporary123.com,/equipment-rental/restroom-trailers/portable-restroom-trailers-in-new-york/,301,1,10,redirect,1,/equipment-rental/restroom-trailers/,True,"index,follow",https://temporary123.com/equipment-rental/restroom-trailers/,True,True
https://www.temporary123.com/equipment-rental/restroom-trailers/portable-restroom-trailers-in-north-carolina/,www.temporary123.com,/equipment-rental/restroom-trailers/portable-restroom-trailers-in-north-carolina/,,1,10,redirect,1,/equipment-rental/restroom-trailers/,True,"index,follow",https://temporary123.com/equipment-rental/restroom-trailers/,True,True
https://www.temporary123.com/equipment-rental/restroom-trailers/portable-restroom-trailers-in-north-dakota/,www.temporary123.com,/equipment-rental/restroom-trailers/portable-restroom-trailers-in-north-dakota/,301,1,10,redirect,1,/equipment-rental/restroom-trailers/,True,"index,follow",https://temporary123.com/equipment-rental/restroom-trailers/,True,True
https://www.temporary123.com/equipment-rental/restroom-trailers/portable-restroom-trailers-in-ohio/,www.temporary123.com,/equipment-rental/restroom-trailers/portable-restroom-trailers-in-ohio/,301,1,10,redirect,1,/equipment-rental/restroom-trailers/,True,"index,follow",https://temporary123.com/equipment-rental/restroom-trailers/,True,True
https://www.temporary123.com/equipment-rental/restroom-trailers/portable-restroom-trailers-in-oklahoma/,www.temporary123.com,/equipment-rental/restroom-trailers/portable-restroom-trailers-in-oklahoma/,301,1,10,redirect,1,/equipment-rental/restroom-trailers/,True,"index,follow",https://temporary123.com/equipment-rental/restroom-trailers/,True,True
https://www.temporary123.com/equipment-rental/restroom-trailers/portable-restroom-trailers-in-oregon/,www.temporary123.com,/equipment-rental/restroom-trailers/portable-restroom-trailers-in-oregon/,301,1,10,redirect,1,/equipment-rental/restroom-trailers/,True,"index,follow",https://temporary123.com/equipment-rental/restroom-trailers/,True,True
https://www.temporary123.com/equipment-rental/restroom-trailers/portable-restroom-trailers-in-pennsylvania/,www.temporary123.com,/equipment-rental/restroom-trailers/portable-restroom-trailers-in-pennsylvania/,403,1,10,redirect,1,/equipment-rental/restroom-trailers/,True,"index,follow",https://temporary123.com/equipment-rental/restroom-trailers/,True,True
https://www.temporary123.com/equipment-rental/restroom-trailers/portable-restroom-trailers-in-rhode-island/,www.temporary123.com,/equipment-rental/restroom-trailers/portable-restroom-trailers-in-rhode-island/,301,1,10,redirect,1,/equipment-rental/restroom-trailers/,True,"index,follow",https://temporary123.com/equipment-rental/restroom-trailers/,True,True
https://www.temporary123.com/equipment-rental/restroom-trailers/portable-restroom-trailers-in-south-carolina/,www.temporary123.com,/equipment-rental/restroom-trailers/portable-restroom-trailers-in-south-carolina/,403,1,10,redirect,1,/equipment-rental/restroom-trailers/,True,"index,follow",https://temporary123.com/equipment-rental/restroom-trailers/,True,True
https://www.temporary123.com/equipment-rental/restroom-trailers/portable-restroom-trailers-in-south-dakota/,www.temporary123.com,/equipment-rental/restroom-trailers/portable-restroom-trailers-in-south-dakota/,403,1,10,redirect,1,/equipment-rental/restroom-trailers/,True,"index,follow",https://temporary123.com/equipment-rental/restroom-trailers/,True,True
https://www.temporary123.com/equipment-rental/restroom-trailers/portable-restroom-trailers-in-tennessee/,www.temporary123.com,/equipment-rental/restroom-trailers/portable-restroom-trailers-in-tennessee/,301,1,10,redirect,1,/equipment-rental/restroom-trailers/,True,"index,follow",https://temporary123.com/equipment-rental/restroom-trailers/,True,True
https://www.temporary123.com/equipment-rental/restroom-trailers/portable-restroom-trailers-in-texas/,www.temporary123.com,/equipment-rental/restroom-trailers/portable-restroom-trailers-in-texas/,301,1,10,redirect,1,/equipment-rental/restroom-trailers/,True,"index,follow",https://temporary123.com/equipment-rental/restroom-trailers/,True,True
https://www.temporary123.com/equipment-rental/restroom-trailers/portable-restroom-trailers-in-utah/,www.temporary123.com,/equipment-rental/restroom-trailers/portable-restroom-trailers-in-utah/,301,1,10,redirect,1,/equipment-rental/restroom-trailers/,True,"index,follow",https://temporary123.com/equipment-rental/restroom-trailers/,True,True
https://www.temporary123.com/equipment-rental/restroom-trailers/portable-restroom-trailers-in-vermont/,www.temporary123.com,/equipment-rental/restroom-trailers/portable-restroom-trailers-in-vermont/,301,1,10,redirect,1,/equipment-rental/restroom-trailers/,True,"index,follow",https://temporary123.com/equipment-rental/restroom-trailers/,True,True
https://www.temporary123.com/equipment-rental/restroom-trailers/portable-restroom-trailers-in-virginia/,www.temporary123.com,/equipment-rental/restroom-trailers/portable-restroom-trailers-in-virginia/,301,1,10,redirect,1,/equipment-rental/restroom-trailers/,True,"index,follow",https://temporary123.com/equipment-rental/restroom-trailers/,True,True
https://www.temporary123.com/equipment-rental/restroom-trailers/portable-restroom-trailers-in-washington/,www.temporary123.com,/equipment-rental/restroom-trailers/portable-restroom-trailers-in-washington/,301,1,10,redirect,1,/equipment-rental/restroom-trailers/,True,"index,follow",https://temporary123.com/equipment-rental/restroom-trailers/,True,True
https://www.temporary123.com/equipment-rental/restroom-trailers/portable-restroom-trailers-in-west-virginia/,www.temporary123.com,/equipment-rental/restroom-trailers/portable-restroom-trailers-in-west-virginia/,301,1,10,redirect,1,/equipment-rental/restroom-trailers/,True,"index,follow",https://temporary123.com/equipment-rental/restroom-trailers/,True,True
https://www.temporary123.com/equipment-rental/restroom-trailers/portable-restroom-trailers-in-winconsin/,www.temporary123.com,/equipment-rental/restroom-trailers/portable-restroom-trailers-in-winconsin/,301,1,10,redirect,1,/equipment-rental/restroom-trailers/,True,"index,follow",https://temporary123.com/equipment-rental/restroom-trailers/,True,True
https://www.temporary123.com/equipment-rental/restroom-trailers/portable-restroom-trailers-in-wyoming/,www.temporary123.com,/equipment-rental/restroom-trailers/portable-restroom-trailers-in-wyoming/,301,1,10,redirect,1,/equipment-rental/restroom-trailers/,True,"index,follow",https://temporary123.com/equipment-rental/restroom-trailers/,True,True
http://temporary123.com/,temporary123.com,/,301,6,6,direct,0,/,True,"index,follow",https://temporary123.com/,True,True
https://temporary123.com/equipment-rental/restroom-trailers/portable-restroom-trailers-in-tennessee/,temporary123.com,/equipment-rental/restroom-trailers/portable-restroom-trailers-in-tennessee/,,1,5,redirect,1,/equipment-rental/restroom-trailers/,True,"index,follow",https://temporary123.com/equipment-rental/restroom-trailers/,True,True
https://temporary123.com/houston-texas-mobile-kitchen-rental/,temporary123.com,/houston-texas-mobile-kitchen-rental/,403,9,5,redirect,1,/equipment-rental/mobile-kitchen-trailers/,True,"index,follow",https://temporary123.com/equipment-rental/mobile-kitchen-trailers/,True,True
https://temporary123.com/equipment-rental/restroom-trailers/portable-restroom-trailers-in-indiana/,temporary123.com,/equipment-rental/restroom-trailers/portable-restroom-trailers-in-indiana/,,1,4,redirect,1,/equipment-rental/restroom-trailers/,True,"index,follow",https://temporary123.com/equipment-rental/restroom-trailers/,True,True
https://temporary123.com/equipment-rental/restroom-trailers/portable-restroom-trailers-in-louisiana/,temporary123.com,/equipment-rental/restroom-trailers/portable-restroom-trailers-in-louisiana/,,1,4,redirect,1,/equipment-rental/restroom-trailers/,True,"index,follow",https://temporary123.com/equipment-rental/restroom-trailers/,True,True
https://temporary123.com/equipment-rental/restroom-trailers/portable-restroom-trailers-in-california/,temporary123.com,/equipment-rental/restroom-trailers/portable-restroom-trailers-in-california/,200,6,3,redirect,1,/equipment-rental/restroom-trailers/,True,"index,follow",https://temporary123.com/equipment-rental/restroom-trailers/,True,True
https://temporary123.com/equipment-rental/restroom-trailers/portable-restroom-trailers-in-north-dakota/,temporary123.com,/equipment-rental/restroom-trailers/portable-restroom-trailers-in-north-dakota/,,1,3,redirect,1,/equipment-rental/restroom-trailers/,True,"index,follow",https://temporary123.com/equipment-rental/restroom-trailers/,True,True
https://www.temporary123.com/houston-texas-mobile-kitchen-rental/,www.temporary123.com,/houston-texas-mobile-kitchen-rental/,301,8,3,redirect,1,/equipment-rental/mobile-kitchen-trailers/,True,"index,follow",https://temporary123.com/equipment-rental/mobile-kitchen-trailers/,True,True
https://temporary123.com/equipment-rental/restroom-trailers/portable-restroom-trailers-in-alberta-ca/,temporary123.com,/equipment-rental/restroom-trailers/portable-restroom-trailers-in-alberta-ca/,200,1,2,redirect,1,/equipment-rental/restroom-trailers/,True,"index,follow",https://temporary123.com/equipment-rental/restroom-trailers/,True,True
https://temporary123.com/equipment-rental/restroom-trailers/portable-restroom-trailers-in-arkansas/,temporary123.com,/equipment-rental/restroom-trailers/portable-restroom-trailers-in-arkansas/,,1,2,redirect,1,/equipment-rental/restroom-trailers/,True,"index,follow",https://temporary123.com/equipment-rental/restroom-trailers/,True,True
https://temporary123.com/equipment-rental/restroom-trailers/portable-restroom-trailers-in-delaware/,temporary123.com,/equipment-rental/restroom-trailers/portable-restroom-trailers-in-delaware/,,1,2,redirect,1,/equipment-rental/restroom-trailers/,True,"index,follow",https://temporary123.com/equipment-rental/restroom-trailers/,True,True
https://temporary123.com/equipment-rental/restroom-trailers/portable-restroom-trailers-in-maryland/,temporary123.com,/equipment-rental/restroom-trailers/portable-restroom-trailers-in-maryland/,,1,2,redirect,1,/equipment-rental/restroom-trailers/,True,"index,follow",https://temporary123.com/equipment-rental/restroom-trailers/,True,True
https://temporary123.com/equipment-rental/restroom-trailers/portable-restroom-trailers-in-massachusetts/,temporary123.com,/equipment-rental/restroom-trailers/portable-restroom-trailers-in-massachusetts/,,1,2,redirect,1,/equipment-rental/restroom-trailers/,True,"index,follow",https://temporary123.com/equipment-rental/restroom-trailers/,True,True
https://temporary123.com/equipment-rental/restroom-trailers/portable-restroom-trailers-in-michigan/,temporary123.com,/equipment-rental/restroom-trailers/portable-restroom-trailers-in-michigan/,,1,2,redirect,1,/equipment-rental/restroom-trailers/,True,"index,follow",https://temporary123.com/equipment-rental/restroom-trailers/,True,True
https://temporary123.com/equipment-rental/restroom-trailers/portable-restroom-trailers-in-mississippi/,temporary123.com,/equipment-rental/restroom-trailers/portable-restroom-trailers-in-mississippi/,,1,2,redirect,1,/equipment-rental/restroom-trailers/,True,"index,follow",https://temporary123.com/equipment-rental/restroom-trailers/,True,True
https://temporary123.com/equipment-rental/restroom-trailers/portable-restroom-trailers-in-nevada/,temporary123.com,/equipment-rental/restroom-trailers/portable-restroom-trailers-in-nevada/,,1,2,redirect,1,/equipment-rental/restroom-trailers/,True,"index,follow",https://temporary123.com/equipment-rental/restroom-trailers/,True,True
https://temporary123.com/equipment-rental/restroom-trailers/portable-restroom-trailers-in-new-hampshire/,temporary123.com,/equipment-rental/restroom-trailers/portable-restroom-trailers-in-new-hampshire/,,1,2,redirect,1,/equipment-rental/restroom-trailers/,True,"index,follow",https://temporary123.com/equipment-rental/restroom-trailers/,True,True
https://temporary123.com/equipment-rental/restroom-trailers/portable-restroom-trailers-in-new-jersey/,temporary123.com,/equipment-rental/restroom-trailers/portable-restroom-trailers-in-new-jersey/,,1,2,redirect,1,/equipment-rental/restroom-trailers/,True,"index,follow",https://temporary123.com/equipment-rental/restroom-trailers/,True,True
https://temporary123.com/equipment-rental/restroom-trailers/portable-restroom-trailers-in-oklahoma/,temporary123.com,/equipment-rental/restroom-trailers/portable-restroom-trailers-in-oklahoma/,,1,2,redirect,1,/equipment-rental/restroom-trailers/,True,"index,follow",https://temporary123.com/equipment-rental/restroom-trailers/,True,True
https://temporary123.com/equipment-rental/restroom-trailers/portable-restroom-trailers-in-oregon/,temporary123.com,/equipment-rental/restroom-trailers/portable-restroom-trailers-in-oregon/,200,1,2,redirect,1,/equipment-rental/restroom-trailers/,True,"index,follow",https://temporary123.com/equipment-rental/restroom-trailers/,True,True
https://temporary123.com/equipment-rental/restroom-trailers/portable-restroom-trailers-in-washington/,temporary123.com,/equipment-rental/restroom-trailers/portable-restroom-trailers-in-washington/,200,1,2,redirect,1,/equipment-rental/restroom-trailers/,True,"index,follow",https://temporary123.com/equipment-rental/restroom-trailers/,True,True
https://temporary123.com/equipment-rental/restroom-trailers/portable-restroom-trailers-in-west-virginia/,temporary123.com,/equipment-rental/restroom-trailers/portable-restroom-trailers-in-west-virginia/,,1,2,redirect,1,/equipment-rental/restroom-trailers/,True,"index,follow",https://temporary123.com/equipment-rental/restroom-trailers/,True,True
https://temporary123.com/equipment-rental/restroom-trailers/portable-restroom-trailers-in-wyoming/,temporary123.com,/equipment-rental/restroom-trailers/portable-restroom-trailers-in-wyoming/,,1,2,redirect,1,/equipment-rental/restroom-trailers/,True,"index,follow",https://temporary123.com/equipment-rental/restroom-trailers/,True,True
https://temporary123.com/containerized-shower-trailers/,temporary123.com,/containerized-shower-trailers/,403,1,1,redirect,1,/equipment-rental/shower-trailer/,True,"index,follow",https://temporary123.com/equipment-rental/shower-trailer/,True,True
https://temporary123.com/emergency-container-modular-remote-executive-hotel-suites/,temporary123.com,/emergency-container-modular-remote-executive-hotel-suites/,403,1,1,redirect,1,/man-camps-for-rent/,True,"index,follow",https://temporary123.com/man-camps-for-rent/,True,True
https://temporary123.com/emergency-migrant-containerized-living-spaces/,temporary123.com,/emergency-migrant-containerized-living-spaces/,403,1,1,redirect,1,/man-camps-for-rent/,True,"index,follow",https://temporary123.com/man-camps-for-rent/,True,True
https://temporary123.com/emergency-modular-shelters-contained-for-rental/,temporary123.com,/emergency-modular-shelters-contained-for-rental/,403,1,1,redirect,1,/man-camps-for-rent/,True,"index,follow",https://temporary123.com/man-camps-for-rent/,True,True
https://temporary123.com/equipment-rental/restroom-trailers/portable-restroom-trailers-in-district-of-columbia/,temporary123.com,/equipment-rental/restroom-trailers/portable-restroom-trailers-in-district-of-columbia/,,1,1,redirect,1,/equipment-rental/restroom-trailers/,True,"index,follow",https://temporary123.com/equipment-rental/restroom-trailers/,True,True
https://temporary123.com/government/correctional-facilities/,temporary123.com,/government/correctional-facilities/,200,1,1,direct,0,/government/correctional-facilities/,True,"index,follow",https://temporary123.com/government/correctional-facilities/,True,True
https://temporary123.com/mobile-kitchen-trailer-rental/,temporary123.com,/mobile-kitchen-trailer-rental/,403,1,1,direct,0,/mobile-kitchen-trailer-rental/,True,"index,follow",https://temporary123.com/mobile-kitchen-trailer-rental/,True,True
https://temporary123.com/portable-dishwashing-trailer-rental/,temporary123.com,/portable-dishwashing-trailer-rental/,403,1,1,direct,0,/portable-dishwashing-trailer-rental/,True,"index,follow",https://temporary123.com/portable-dishwashing-trailer-rental/,True,True
https://temporary123.com/remote-containerized-military-berthing-solution-for-rent/,temporary123.com,/remote-containerized-military-berthing-solution-for-rent/,200,1,1,direct,0,/remote-containerized-military-berthing-solution-for-rent/,True,"index,follow",https://temporary123.com/remote-containerized-military-berthing-solution-for-rent/,True,True
https://temporary123.com/restroom-trailer-rental/,temporary123.com,/restroom-trailer-rental/,403,1,1,direct,0,/restroom-trailer-rental/,True,"index,follow",https://temporary123.com/restroom-trailer-rental/,True,True
https://temporary123.com/shower-trailer-rental/,temporary123.com,/shower-trailer-rental/,403,1,1,direct,0,/shower-trailer-rental/,True,"index,follow",https://temporary123.com/shower-trailer-rental/,True,True
https://temporary123.com/sleeper-trailer-rental/,temporary123.com,/sleeper-trailer-rental/,403,1,1,direct,0,/sleeper-trailer-rental/,True,"index,follow",https://temporary123.com/sleeper-trailer-rental/,True,True
https://www.temporary123.com/containerized-shower-trailers/,www.temporary123.com,/containerized-shower-trailers/,301,1,1,redirect,1,/equipment-rental/shower-trailer/,True,"index,follow",https://temporary123.com/equipment-rental/shower-trailer/,True,True
https://www.temporary123.com/emergency-container-modular-remote-executive-hotel-suites/,www.temporary123.com,/emergency-container-modular-remote-executive-hotel-suites/,301,1,1,redirect,1,/man-camps-for-rent/,True,"index,follow",https://temporary123.com/man-camps-for-rent/,True,True
https://www.temporary123.com/emergency-migrant-containerized-living-spaces/,www.temporary123.com,/emergency-migrant-containerized-living-spaces/,301,1,1,redirect,1,/man-camps-for-rent/,True,"index,follow",https://temporary123.com/man-camps-for-rent/,True,True
https://www.temporary123.com/emergency-modular-shelters-contained-for-rental/,www.temporary123.com,/emergency-modular-shelters-contained-for-rental/,301,1,1,redirect,1,/man-camps-for-rent/,True,"index,follow",https://temporary123.com/man-camps-for-rent/,True,True
https://www.temporary123.com/equipment-rental/shower-trailer/portable-shower-trailers-in-new-jersey-usa/,www.temporary123.com,/equipment-rental/shower-trailer/portable-shower-trailers-in-new-jersey-usa/,,2,1,redirect,1,/equipment-rental/shower-trailer/,True,"index,follow",https://temporary123.com/equipment-rental/shower-trailer/,True,True
https://www.temporary123.com/government/correctional-facilities/,www.temporary123.com,/government/correctional-facilities/,301,1,1,direct,0,/government/correctional-facilities/,True,"index,follow",https://temporary123.com/government/correctional-facilities/,True,True
https://www.temporary123.com/greensboro-north-carolina-usa-temporary-restroom-building-rental/,www.temporary123.com,/greensboro-north-carolina-usa-temporary-restroom-building-rental/,,1,1,redirect,1,/equipment-rental/restroom-trailers/,True,"index,follow",https://temporary123.com/equipment-rental/restroom-trailers/,True,True
https://www.temporary123.com/modular-temporary-camp-facilities/,www.temporary123.com,/modular-temporary-camp-facilities/,403,1,1,redirect,1,/man-camps-for-rent/,True,"index,follow",https://temporary123.com/man-camps-for-rent/,True,True
https://www.temporary123.com/modular-temporary-workforce-housing-facilities/,www.temporary123.com,/modular-temporary-workforce-housing-facilities/,403,1,1,redirect,1,/man-camps-for-rent/,True,"index,follow",https://temporary123.com/man-camps-for-rent/,True,True
https://www.temporary123.com/remote-basecamp-housing-service-company/,www.temporary123.com,/remote-basecamp-housing-service-company/,403,1,1,redirect,1,/man-camps-for-rent/,True,"index,follow",https://temporary123.com/man-camps-for-rent/,True,True
https://www.temporary123.com/remote-containerized-military-berthing-solution/,www.temporary123.com,/remote-containerized-military-berthing-solution/,301,1,1,redirect,1,/remote-containerized-military-berthing-solution-for-rent/,True,"index,follow",https://temporary123.com/remote-containerized-military-berthing-solution-for-rent/,True,True
https://www.temporary123.com/remote-housing-facilities/,www.temporary123.com,/remote-housing-facilities/,403,1,1,redirect,1,/man-camps-for-rent/,True,"index,follow",https://temporary123.com/man-camps-for-rent/,True,True
https://www.temporary123.com/remote-temporary-workforce-housing-facilities-rental/,www.temporary123.com,/remote-temporary-workforce-housing-facilities-rental/,403,1,1,redirect,1,/man-camps-for-rent/,True,"index,follow",https://temporary123.com/man-camps-for-rent/,True,True
https://www.temporary123.com/remote-workforce-housing-facilities/,www.temporary123.com,/remote-workforce-housing-facilities/,403,1,1,redirect,1,/man-camps-for-rent/,True,"index,follow",https://temporary123.com/man-camps-for-rent/,True,True
https://www.temporary123.com/remote-workforce-housing-in-alabama/,www.temporary123.com,/remote-workforce-housing-in-alabama/,403,1,1,redirect,1,/man-camps-for-rent/,True,"index,follow",https://temporary123.com/man-camps-for-rent/,True,True
https://www.temporary123.com/wp-content/uploads/2023/04/2-Food-Service-Design.png,www.temporary123.com,/wp-content/uploads/2023/04/2-Food-Service-Design.png,,1,1,redirect,1,/food-services-2/,True,"index,follow",https://temporary123.com/food-services-2/,True,True
https://temporary123.com/shop/,temporary123.com,/shop/,,1,0,redirect,1,/equipment-rental/,True,"index,follow",https://temporary123.com/equipment-rental/,True,True
https://www.temporary123.com/catering/,www.temporary123.com,/catering/,,1,0,redirect,1,/food-services-2/,True,"index,follow",https://temporary123.com/food-services-2/,True,True
