row,source_url,source_path,release_state,status,final_url,redirect_count,robots,canonical,in_sitemap,exact_path_passed,metadata_passed,passed,error
1,https://www.temporary123.com/temporary-workforce-housing-facilities/,/temporary-workforce-housing-facilities/,index,200,https://temporary123.com/temporary-workforce-housing-facilities/,1,"index,follow",https://temporary123.com/temporary-workforce-housing-facilities/,True,True,True,True,
2,https://www.temporary123.com/remote-workforce-house-company-in-alabama/,/remote-workforce-house-company-in-alabama/,index,200,https://temporary123.com/remote-workforce-house-company-in-alabama/,1,"index,follow",https://temporary123.com/remote-workforce-house-company-in-alabama/,True,True,True,True,
3,https://www.temporary123.com/remote-workforce-housing-rentals-in-arizona/,/remote-workforce-housing-rentals-in-arizona/,index,200,https://temporary123.com/remote-workforce-housing-rentals-in-arizona/,1,"index,follow",https://temporary123.com/remote-workforce-housing-rentals-in-arizona/,True,True,True,True,
4,https://www.temporary123.com/remote-workforce-housing-services-in-alaska/,/remote-workforce-housing-services-in-alaska/,index,200,https://temporary123.com/remote-workforce-housing-services-in-alaska/,1,"index,follow",https://temporary123.com/remote-workforce-housing-services-in-alaska/,True,True,True,True,
5,https://temporary123.com/temporary-workforce-housing-facilities/,/temporary-workforce-housing-facilities/,index,200,https://temporary123.com/temporary-workforce-housing-facilities/,0,"index,follow",https://temporary123.com/temporary-workforce-housing-facilities/,True,True,True,True,
6,https://temporary123.com/remote-workforce-house-company-in-alabama/,/remote-workforce-house-company-in-alabama/,index,200,https://temporary123.com/remote-workforce-house-company-in-alabama/,0,"index,follow",https://temporary123.com/remote-workforce-house-company-in-alabama/,True,True,True,True,
7,https://temporary123.com/remote-workforce-housing-rentals-in-arizona/,/remote-workforce-housing-rentals-in-arizona/,index,200,https://temporary123.com/remote-workforce-housing-rentals-in-arizona/,0,"index,follow",https://temporary123.com/remote-workforce-housing-rentals-in-arizona/,True,True,True,True,
8,https://www.temporary123.com/equipment-rental/sleeper-trailers/,/equipment-rental/sleeper-trailers/,index,200,https://temporary123.com/equipment-rental/sleeper-trailers/,1,"index,follow",https://temporary123.com/equipment-rental/sleeper-trailers/,True,True,True,True,
9,https://www.temporary123.com/equipment-rental/breakroom-trailer/,/equipment-rental/breakroom-trailer/,index,200,https://temporary123.com/equipment-rental/breakroom-trailer/,1,"index,follow",https://temporary123.com/equipment-rental/breakroom-trailer/,True,True,True,True,
10,https://www.temporary123.com/equipment-rental/command-center-trailers/,/equipment-rental/command-center-trailers/,index,200,https://temporary123.com/equipment-rental/command-center-trailers/,1,"index,follow",https://temporary123.com/equipment-rental/command-center-trailers/,True,True,True,True,
11,https://www.temporary123.com/equipment-rental/decontamination-trailers/,/equipment-rental/decontamination-trailers/,index,200,https://temporary123.com/equipment-rental/decontamination-trailers/,1,"index,follow",https://temporary123.com/equipment-rental/decontamination-trailers/,True,True,True,True,
12,https://www.temporary123.com/equipment-rental/mobile-office-trailers/,/equipment-rental/mobile-office-trailers/,index,200,https://temporary123.com/equipment-rental/mobile-office-trailers/,1,"index,follow",https://temporary123.com/equipment-rental/mobile-office-trailers/,True,True,True,True,
13,https://www.temporary123.com/equipment-rental/multi-trailer/,/equipment-rental/multi-trailer/,index,200,https://temporary123.com/equipment-rental/multi-trailer/,1,"index,follow",https://temporary123.com/equipment-rental/multi-trailer/,True,True,True,True,
14,https://www.temporary123.com/equipment-rental/restroom-trailers/,/equipment-rental/restroom-trailers/,index,200,https://temporary123.com/equipment-rental/restroom-trailers/,1,"index,follow",https://temporary123.com/equipment-rental/restroom-trailers/,True,True,True,True,
15,https://www.temporary123.com/equipment-rental/shower-trailer/,/equipment-rental/shower-trailer/,index,200,https://temporary123.com/equipment-rental/shower-trailer/,1,"index,follow",https://temporary123.com/equipment-rental/shower-trailer/,True,True,True,True,
16,https://www.temporary123.com/equipment-rental/dump-rental/,/equipment-rental/dump-rental/,index,200,https://temporary123.com/equipment-rental/dump-rental/,1,"index,follow",https://temporary123.com/equipment-rental/dump-rental/,True,True,True,True,
17,https://www.temporary123.com/equipment-rental/generator-trailers/,/equipment-rental/generator-trailers/,index,200,https://temporary123.com/equipment-rental/generator-trailers/,1,"index,follow",https://temporary123.com/equipment-rental/generator-trailers/,True,True,True,True,
18,https://www.temporary123.com/equipment-rental/port-potties-and-port-johns/,/equipment-rental/port-potties-and-port-johns/,index,200,https://temporary123.com/equipment-rental/port-potties-and-port-johns/,1,"index,follow",https://temporary123.com/equipment-rental/port-potties-and-port-johns/,True,True,True,True,
19,https://www.temporary123.com/equipment-rental/ramp-rental/,/equipment-rental/ramp-rental/,index,200,https://temporary123.com/equipment-rental/ramp-rental/,1,"index,follow",https://temporary123.com/equipment-rental/ramp-rental/,True,True,True,True,
20,https://www.temporary123.com/equipment-rental/stair-rental/,/equipment-rental/stair-rental/,index,200,https://temporary123.com/equipment-rental/stair-rental/,1,"index,follow",https://temporary123.com/equipment-rental/stair-rental/,True,True,True,True,
21,https://www.temporary123.com/equipment-rental/waste-container/,/equipment-rental/waste-container/,index,200,https://temporary123.com/equipment-rental/waste-container/,1,"index,follow",https://temporary123.com/equipment-rental/waste-container/,True,True,True,True,
22,https://www.temporary123.com/equipment-rental/wastewater-and-freshwater-container/,/equipment-rental/wastewater-and-freshwater-container/,index,200,https://temporary123.com/equipment-rental/wastewater-and-freshwater-container/,1,"index,follow",https://temporary123.com/equipment-rental/wastewater-and-freshwater-container/,True,True,True,True,
23,https://temporary123.com/equipment-rental/decontamination-trailers/,/equipment-rental/decontamination-trailers/,index,200,https://temporary123.com/equipment-rental/decontamination-trailers/,0,"index,follow",https://temporary123.com/equipment-rental/decontamination-trailers/,True,True,True,True,
24,https://temporary123.com/,/,index,200,https://temporary123.com/,0,"index,follow",https://temporary123.com/,True,True,True,True,
25,https://temporary123.com/equipment-rental/breakroom-trailer/,/equipment-rental/breakroom-trailer/,index,200,https://temporary123.com/equipment-rental/breakroom-trailer/,0,"index,follow",https://temporary123.com/equipment-rental/breakroom-trailer/,True,True,True,True,
26,https://temporary123.com/equipment-rental/command-center-trailers/,/equipment-rental/command-center-trailers/,index,200,https://temporary123.com/equipment-rental/command-center-trailers/,0,"index,follow",https://temporary123.com/equipment-rental/command-center-trailers/,True,True,True,True,
27,https://temporary123.com/equipment-rental/multi-trailer/,/equipment-rental/multi-trailer/,index,200,https://temporary123.com/equipment-rental/multi-trailer/,0,"index,follow",https://temporary123.com/equipment-rental/multi-trailer/,True,True,True,True,
28,https://temporary123.com/equipment-rental/restroom-trailers/,/equipment-rental/restroom-trailers/,index,200,https://temporary123.com/equipment-rental/restroom-trailers/,0,"index,follow",https://temporary123.com/equipment-rental/restroom-trailers/,True,True,True,True,
29,https://temporary123.com/equipment-rental/shower-trailer/,/equipment-rental/shower-trailer/,index,200,https://temporary123.com/equipment-rental/shower-trailer/,0,"index,follow",https://temporary123.com/equipment-rental/shower-trailer/,True,True,True,True,
30,https://temporary123.com/equipment-rental/mobile-office-trailers/,/equipment-rental/mobile-office-trailers/,index,200,https://temporary123.com/equipment-rental/mobile-office-trailers/,0,"index,follow",https://temporary123.com/equipment-rental/mobile-office-trailers/,True,True,True,True,
31,https://www.temporary123.com/,/,index,200,https://temporary123.com/,1,"index,follow",https://temporary123.com/,True,True,True,True,
32,https://temporary123.com/equipment-rental/ramp-rental/,/equipment-rental/ramp-rental/,index,200,https://temporary123.com/equipment-rental/ramp-rental/,0,"index,follow",https://temporary123.com/equipment-rental/ramp-rental/,True,True,True,True,
33,https://temporary123.com/equipment-rental/generator-trailers/,/equipment-rental/generator-trailers/,index,200,https://temporary123.com/equipment-rental/generator-trailers/,0,"index,follow",https://temporary123.com/equipment-rental/generator-trailers/,True,True,True,True,
34,https://temporary123.com/equipment-rental/port-potties-and-port-johns/,/equipment-rental/port-potties-and-port-johns/,index,200,https://temporary123.com/equipment-rental/port-potties-and-port-johns/,0,"index,follow",https://temporary123.com/equipment-rental/port-potties-and-port-johns/,True,True,True,True,
35,https://temporary123.com/equipment-rental/stair-rental/,/equipment-rental/stair-rental/,index,200,https://temporary123.com/equipment-rental/stair-rental/,0,"index,follow",https://temporary123.com/equipment-rental/stair-rental/,True,True,True,True,
36,https://temporary123.com/equipment-rental/wastewater-and-freshwater-container/,/equipment-rental/wastewater-and-freshwater-container/,index,200,https://temporary123.com/equipment-rental/wastewater-and-freshwater-container/,0,"index,follow",https://temporary123.com/equipment-rental/wastewater-and-freshwater-container/,True,True,True,True,
37,https://temporary123.com/equipment-rental/dump-rental/,/equipment-rental/dump-rental/,index,200,https://temporary123.com/equipment-rental/dump-rental/,0,"index,follow",https://temporary123.com/equipment-rental/dump-rental/,True,True,True,True,
38,https://temporary123.com/equipment-rental/waste-container/,/equipment-rental/waste-container/,index,200,https://temporary123.com/equipment-rental/waste-container/,0,"index,follow",https://temporary123.com/equipment-rental/waste-container/,True,True,True,True,
39,https://www.temporary123.com/emergency-workforce-housing-in-california/,/emergency-workforce-housing-in-california/,index,200,https://temporary123.com/emergency-workforce-housing-in-california/,1,"index,follow",https://temporary123.com/emergency-workforce-housing-in-california/,True,True,True,True,
40,https://www.temporary123.com/remote-workforce-house-company-in-hawaii/,/remote-workforce-house-company-in-hawaii/,staged_noindex,200,https://temporary123.com/remote-workforce-house-company-in-hawaii/,1,"noindex,follow",,False,True,True,True,
41,https://www.temporary123.com/remote-workforce-housing-services-in-idaho/,/remote-workforce-housing-services-in-idaho/,staged_noindex,200,https://temporary123.com/remote-workforce-housing-services-in-idaho/,1,"noindex,follow",,False,True,True,True,
42,https://www.temporary123.com/temporary-remote-workforce-housing-services-in-arkansas/,/temporary-remote-workforce-housing-services-in-arkansas/,staged_noindex,200,https://temporary123.com/temporary-remote-workforce-housing-services-in-arkansas/,1,"noindex,follow",,False,True,True,True,
43,https://www.temporary123.com/temporary-remote-workforce-housing-services-in-illinois/,/temporary-remote-workforce-housing-services-in-illinois/,staged_noindex,200,https://temporary123.com/temporary-remote-workforce-housing-services-in-illinois/,1,"noindex,follow",,False,True,True,True,
44,https://www.temporary123.com/temporary-remote-workforce-housing-services-in-massachusetts/,/temporary-remote-workforce-housing-services-in-massachusetts/,staged_noindex,200,https://temporary123.com/temporary-remote-workforce-housing-services-in-massachusetts/,1,"noindex,follow",,False,True,True,True,
45,https://www.temporary123.com/temporary-remote-workforce-housing-services-in-michigan/,/temporary-remote-workforce-housing-services-in-michigan/,staged_noindex,200,https://temporary123.com/temporary-remote-workforce-housing-services-in-michigan/,1,"noindex,follow",,False,True,True,True,
46,https://www.temporary123.com/workforce-housing-shelters-in-colorado/,/workforce-housing-shelters-in-colorado/,index,200,https://temporary123.com/workforce-housing-shelters-in-colorado/,1,"index,follow",https://temporary123.com/workforce-housing-shelters-in-colorado/,True,True,True,True,
47,http://www.temporary123.com/,/,index,200,https://temporary123.com/,2,"index,follow",https://temporary123.com/,True,True,True,True,
48,https://temporary123.com/workforce-housing-shelters-in-colorado/,/workforce-housing-shelters-in-colorado/,index,200,https://temporary123.com/workforce-housing-shelters-in-colorado/,0,"index,follow",https://temporary123.com/workforce-housing-shelters-in-colorado/,True,True,True,True,
49,https://www.temporary123.com/equipment-rental/restroom-trailers/portable-restroom-trailers-in-california/,/equipment-rental/restroom-trailers/portable-restroom-trailers-in-california/,index,200,https://temporary123.com/equipment-rental/restroom-trailers/portable-restroom-trailers-in-california/,1,"index,follow",https://temporary123.com/equipment-rental/restroom-trailers/portable-restroom-trailers-in-california/,True,True,True,True,
50,https://www.temporary123.com/equipment-rental/restroom-trailers/portable-restroom-trailers-in-alabama/,/equipment-rental/restroom-trailers/portable-restroom-trailers-in-alabama/,staged_noindex,200,https://temporary123.com/equipment-rental/restroom-trailers/portable-restroom-trailers-in-alabama/,1,"noindex,follow",,False,True,True,True,
51,https://www.temporary123.com/equipment-rental/restroom-trailers/portable-restroom-trailers-in-alaska/,/equipment-rental/restroom-trailers/portable-restroom-trailers-in-alaska/,staged_noindex,200,https://temporary123.com/equipment-rental/restroom-trailers/portable-restroom-trailers-in-alaska/,1,"noindex,follow",,False,True,True,True,
52,https://www.temporary123.com/equipment-rental/restroom-trailers/portable-restroom-trailers-in-alberta-ca/,/equipment-rental/restroom-trailers/portable-restroom-trailers-in-alberta-ca/,staged_noindex,200,https://temporary123.com/equipment-rental/restroom-trailers/portable-restroom-trailers-in-alberta-ca/,1,"noindex,follow",,False,True,True,True,
53,https://www.temporary123.com/equipment-rental/restroom-trailers/portable-restroom-trailers-in-arizona/,/equipment-rental/restroom-trailers/portable-restroom-trailers-in-arizona/,staged_noindex,200,https://temporary123.com/equipment-rental/restroom-trailers/portable-restroom-trailers-in-arizona/,1,"noindex,follow",,False,True,True,True,
54,https://www.temporary123.com/equipment-rental/restroom-trailers/portable-restroom-trailers-in-arkansas/,/equipment-rental/restroom-trailers/portable-restroom-trailers-in-arkansas/,staged_noindex,200,https://temporary123.com/equipment-rental/restroom-trailers/portable-restroom-trailers-in-arkansas/,1,"noindex,follow",,False,True,True,True,
55,https://www.temporary123.com/equipment-rental/restroom-trailers/portable-restroom-trailers-in-colorado/,/equipment-rental/restroom-trailers/portable-restroom-trailers-in-colorado/,staged_noindex,200,https://temporary123.com/equipment-rental/restroom-trailers/portable-restroom-trailers-in-colorado/,1,"noindex,follow",,False,True,True,True,
56,https://www.temporary123.com/equipment-rental/restroom-trailers/portable-restroom-trailers-in-connecticut/,/equipment-rental/restroom-trailers/portable-restroom-trailers-in-connecticut/,staged_noindex,200,https://temporary123.com/equipment-rental/restroom-trailers/portable-restroom-trailers-in-connecticut/,1,"noindex,follow",,False,True,True,True,
57,https://www.temporary123.com/equipment-rental/restroom-trailers/portable-restroom-trailers-in-delaware/,/equipment-rental/restroom-trailers/portable-restroom-trailers-in-delaware/,staged_noindex,200,https://temporary123.com/equipment-rental/restroom-trailers/portable-restroom-trailers-in-delaware/,1,"noindex,follow",,False,True,True,True,
58,https://www.temporary123.com/equipment-rental/restroom-trailers/portable-restroom-trailers-in-district-of-columbia/,/equipment-rental/restroom-trailers/portable-restroom-trailers-in-district-of-columbia/,staged_noindex,200,https://temporary123.com/equipment-rental/restroom-trailers/portable-restroom-trailers-in-district-of-columbia/,1,"noindex,follow",,False,True,True,True,
59,https://www.temporary123.com/equipment-rental/restroom-trailers/portable-restroom-trailers-in-florida/,/equipment-rental/restroom-trailers/portable-restroom-trailers-in-florida/,staged_noindex,200,https://temporary123.com/equipment-rental/restroom-trailers/portable-restroom-trailers-in-florida/,1,"noindex,follow",,False,True,True,True,
60,https://www.temporary123.com/equipment-rental/restroom-trailers/portable-restroom-trailers-in-georgia/,/equipment-rental/restroom-trailers/portable-restroom-trailers-in-georgia/,staged_noindex,200,https://temporary123.com/equipment-rental/restroom-trailers/portable-restroom-trailers-in-georgia/,1,"noindex,follow",,False,True,True,True,
61,https://www.temporary123.com/equipment-rental/restroom-trailers/portable-restroom-trailers-in-hawaii/,/equipment-rental/restroom-trailers/portable-restroom-trailers-in-hawaii/,staged_noindex,200,https://temporary123.com/equipment-rental/restroom-trailers/portable-restroom-trailers-in-hawaii/,1,"noindex,follow",,False,True,True,True,
62,https://www.temporary123.com/equipment-rental/restroom-trailers/portable-restroom-trailers-in-idaho/,/equipment-rental/restroom-trailers/portable-restroom-trailers-in-idaho/,staged_noindex,200,https://temporary123.com/equipment-rental/restroom-trailers/portable-restroom-trailers-in-idaho/,1,"noindex,follow",,False,True,True,True,
63,https://www.temporary123.com/equipment-rental/restroom-trailers/portable-restroom-trailers-in-illinois/,/equipment-rental/restroom-trailers/portable-restroom-trailers-in-illinois/,staged_noindex,200,https://temporary123.com/equipment-rental/restroom-trailers/portable-restroom-trailers-in-illinois/,1,"noindex,follow",,False,True,True,True,
64,https://www.temporary123.com/equipment-rental/restroom-trailers/portable-restroom-trailers-in-indiana/,/equipment-rental/restroom-trailers/portable-restroom-trailers-in-indiana/,staged_noindex,200,https://temporary123.com/equipment-rental/restroom-trailers/portable-restroom-trailers-in-indiana/,1,"noindex,follow",,False,True,True,True,
65,https://www.temporary123.com/equipment-rental/restroom-trailers/portable-restroom-trailers-in-iowa/,/equipment-rental/restroom-trailers/portable-restroom-trailers-in-iowa/,staged_noindex,200,https://temporary123.com/equipment-rental/restroom-trailers/portable-restroom-trailers-in-iowa/,1,"noindex,follow",,False,True,True,True,
66,https://www.temporary123.com/equipment-rental/restroom-trailers/portable-restroom-trailers-in-kansas/,/equipment-rental/restroom-trailers/portable-restroom-trailers-in-kansas/,staged_noindex,200,https://temporary123.com/equipment-rental/restroom-trailers/portable-restroom-trailers-in-kansas/,1,"noindex,follow",,False,True,True,True,
67,https://www.temporary123.com/equipment-rental/restroom-trailers/portable-restroom-trailers-in-kentucky/,/equipment-rental/restroom-trailers/portable-restroom-trailers-in-kentucky/,staged_noindex,200,https://temporary123.com/equipment-rental/restroom-trailers/portable-restroom-trailers-in-kentucky/,1,"noindex,follow",,False,True,True,True,
68,https://www.temporary123.com/equipment-rental/restroom-trailers/portable-restroom-trailers-in-louisiana/,/equipment-rental/restroom-trailers/portable-restroom-trailers-in-louisiana/,staged_noindex,200,https://temporary123.com/equipment-rental/restroom-trailers/portable-restroom-trailers-in-louisiana/,1,"noindex,follow",,False,True,True,True,
69,https://www.temporary123.com/equipment-rental/restroom-trailers/portable-restroom-trailers-in-maine/,/equipment-rental/restroom-trailers/portable-restroom-trailers-in-maine/,staged_noindex,200,https://temporary123.com/equipment-rental/restroom-trailers/portable-restroom-trailers-in-maine/,1,"noindex,follow",,False,True,True,True,
70,https://www.temporary123.com/equipment-rental/restroom-trailers/portable-restroom-trailers-in-maryland/,/equipment-rental/restroom-trailers/portable-restroom-trailers-in-maryland/,staged_noindex,200,https://temporary123.com/equipment-rental/restroom-trailers/portable-restroom-trailers-in-maryland/,1,"noindex,follow",,False,True,True,True,
71,https://www.temporary123.com/equipment-rental/restroom-trailers/portable-restroom-trailers-in-massachusetts/,/equipment-rental/restroom-trailers/portable-restroom-trailers-in-massachusetts/,staged_noindex,200,https://temporary123.com/equipment-rental/restroom-trailers/portable-restroom-trailers-in-massachusetts/,1,"noindex,follow",,False,True,True,True,
72,https://www.temporary123.com/equipment-rental/restroom-trailers/portable-restroom-trailers-in-michigan/,/equipment-rental/restroom-trailers/portable-restroom-trailers-in-michigan/,staged_noindex,200,https://temporary123.com/equipment-rental/restroom-trailers/portable-restroom-trailers-in-michigan/,1,"noindex,follow",,False,True,True,True,
73,https://www.temporary123.com/equipment-rental/restroom-trailers/portable-restroom-trailers-in-minnesota/,/equipment-rental/restroom-trailers/portable-restroom-trailers-in-minnesota/,staged_noindex,200,https://temporary123.com/equipment-rental/restroom-trailers/portable-restroom-trailers-in-minnesota/,1,"noindex,follow",,False,True,True,True,
74,https://www.temporary123.com/equipment-rental/restroom-trailers/portable-restroom-trailers-in-mississippi/,/equipment-rental/restroom-trailers/portable-restroom-trailers-in-mississippi/,staged_noindex,200,https://temporary123.com/equipment-rental/restroom-trailers/portable-restroom-trailers-in-mississippi/,1,"noindex,follow",,False,True,True,True,
75,https://www.temporary123.com/equipment-rental/restroom-trailers/portable-restroom-trailers-in-missouri/,/equipment-rental/restroom-trailers/portable-restroom-trailers-in-missouri/,staged_noindex,200,https://temporary123.com/equipment-rental/restroom-trailers/portable-restroom-trailers-in-missouri/,1,"noindex,follow",,False,True,True,True,
76,https://www.temporary123.com/equipment-rental/restroom-trailers/portable-restroom-trailers-in-montana/,/equipment-rental/restroom-trailers/portable-restroom-trailers-in-montana/,staged_noindex,200,https://temporary123.com/equipment-rental/restroom-trailers/portable-restroom-trailers-in-montana/,1,"noindex,follow",,False,True,True,True,
77,https://www.temporary123.com/equipment-rental/restroom-trailers/portable-restroom-trailers-in-nebraska/,/equipment-rental/restroom-trailers/portable-restroom-trailers-in-nebraska/,staged_noindex,200,https://temporary123.com/equipment-rental/restroom-trailers/portable-restroom-trailers-in-nebraska/,1,"noindex,follow",,False,True,True,True,
78,https://www.temporary123.com/equipment-rental/restroom-trailers/portable-restroom-trailers-in-nevada/,/equipment-rental/restroom-trailers/portable-restroom-trailers-in-nevada/,staged_noindex,200,https://temporary123.com/equipment-rental/restroom-trailers/portable-restroom-trailers-in-nevada/,1,"noindex,follow",,False,True,True,True,
79,https://www.temporary123.com/equipment-rental/restroom-trailers/portable-restroom-trailers-in-new-hampshire/,/equipment-rental/restroom-trailers/portable-restroom-trailers-in-new-hampshire/,staged_noindex,200,https://temporary123.com/equipment-rental/restroom-trailers/portable-restroom-trailers-in-new-hampshire/,1,"noindex,follow",,False,True,True,True,
80,https://www.temporary123.com/equipment-rental/restroom-trailers/portable-restroom-trailers-in-new-jersey/,/equipment-rental/restroom-trailers/portable-restroom-trailers-in-new-jersey/,staged_noindex,200,https://temporary123.com/equipment-rental/restroom-trailers/portable-restroom-trailers-in-new-jersey/,1,"noindex,follow",,False,True,True,True,
81,https://www.temporary123.com/equipment-rental/restroom-trailers/portable-restroom-trailers-in-new-mexico/,/equipment-rental/restroom-trailers/portable-restroom-trailers-in-new-mexico/,staged_noindex,200,https://temporary123.com/equipment-rental/restroom-trailers/portable-restroom-trailers-in-new-mexico/,1,"noindex,follow",,False,True,True,True,
82,https://www.temporary123.com/equipment-rental/restroom-trailers/portable-restroom-trailers-in-new-york/,/equipment-rental/restroom-trailers/portable-restroom-trailers-in-new-york/,staged_noindex,200,https://temporary123.com/equipment-rental/restroom-trailers/portable-restroom-trailers-in-new-york/,1,"noindex,follow",,False,True,True,True,
83,https://www.temporary123.com/equipment-rental/restroom-trailers/portable-restroom-trailers-in-north-carolina/,/equipment-rental/restroom-trailers/portable-restroom-trailers-in-north-carolina/,staged_noindex,200,https://temporary123.com/equipment-rental/restroom-trailers/portable-restroom-trailers-in-north-carolina/,1,"noindex,follow",,False,True,True,True,
84,https://www.temporary123.com/equipment-rental/restroom-trailers/portable-restroom-trailers-in-north-dakota/,/equipment-rental/restroom-trailers/portable-restroom-trailers-in-north-dakota/,staged_noindex,200,https://temporary123.com/equipment-rental/restroom-trailers/portable-restroom-trailers-in-north-dakota/,1,"noindex,follow",,False,True,True,True,
85,https://www.temporary123.com/equipment-rental/restroom-trailers/portable-restroom-trailers-in-ohio/,/equipment-rental/restroom-trailers/portable-restroom-trailers-in-ohio/,staged_noindex,200,https://temporary123.com/equipment-rental/restroom-trailers/portable-restroom-trailers-in-ohio/,1,"noindex,follow",,False,True,True,True,
86,https://www.temporary123.com/equipment-rental/restroom-trailers/portable-restroom-trailers-in-oklahoma/,/equipment-rental/restroom-trailers/portable-restroom-trailers-in-oklahoma/,staged_noindex,200,https://temporary123.com/equipment-rental/restroom-trailers/portable-restroom-trailers-in-oklahoma/,1,"noindex,follow",,False,True,True,True,
87,https://www.temporary123.com/equipment-rental/restroom-trailers/portable-restroom-trailers-in-oregon/,/equipment-rental/restroom-trailers/portable-restroom-trailers-in-oregon/,staged_noindex,200,https://temporary123.com/equipment-rental/restroom-trailers/portable-restroom-trailers-in-oregon/,1,"noindex,follow",,False,True,True,True,
88,https://www.temporary123.com/equipment-rental/restroom-trailers/portable-restroom-trailers-in-pennsylvania/,/equipment-rental/restroom-trailers/portable-restroom-trailers-in-pennsylvania/,staged_noindex,200,https://temporary123.com/equipment-rental/restroom-trailers/portable-restroom-trailers-in-pennsylvania/,1,"noindex,follow",,False,True,True,True,
89,https://www.temporary123.com/equipment-rental/restroom-trailers/portable-restroom-trailers-in-rhode-island/,/equipment-rental/restroom-trailers/portable-restroom-trailers-in-rhode-island/,staged_noindex,200,https://temporary123.com/equipment-rental/restroom-trailers/portable-restroom-trailers-in-rhode-island/,1,"noindex,follow",,False,True,True,True,
90,https://www.temporary123.com/equipment-rental/restroom-trailers/portable-restroom-trailers-in-south-carolina/,/equipment-rental/restroom-trailers/portable-restroom-trailers-in-south-carolina/,staged_noindex,200,https://temporary123.com/equipment-rental/restroom-trailers/portable-restroom-trailers-in-south-carolina/,1,"noindex,follow",,False,True,True,True,
91,https://www.temporary123.com/equipment-rental/restroom-trailers/portable-restroom-trailers-in-south-dakota/,/equipment-rental/restroom-trailers/portable-restroom-trailers-in-south-dakota/,staged_noindex,200,https://temporary123.com/equipment-rental/restroom-trailers/portable-restroom-trailers-in-south-dakota/,1,"noindex,follow",,False,True,True,True,
92,https://www.temporary123.com/equipment-rental/restroom-trailers/portable-restroom-trailers-in-tennessee/,/equipment-rental/restroom-trailers/portable-restroom-trailers-in-tennessee/,staged_noindex,200,https://temporary123.com/equipment-rental/restroom-trailers/portable-restroom-trailers-in-tennessee/,1,"noindex,follow",,False,True,True,True,
93,https://www.temporary123.com/equipment-rental/restroom-trailers/portable-restroom-trailers-in-texas/,/equipment-rental/restroom-trailers/portable-restroom-trailers-in-texas/,staged_noindex,200,https://temporary123.com/equipment-rental/restroom-trailers/portable-restroom-trailers-in-texas/,1,"noindex,follow",,False,True,True,True,
94,https://www.temporary123.com/equipment-rental/restroom-trailers/portable-restroom-trailers-in-utah/,/equipment-rental/restroom-trailers/portable-restroom-trailers-in-utah/,staged_noindex,200,https://temporary123.com/equipment-rental/restroom-trailers/portable-restroom-trailers-in-utah/,1,"noindex,follow",,False,True,True,True,
95,https://www.temporary123.com/equipment-rental/restroom-trailers/portable-restroom-trailers-in-vermont/,/equipment-rental/restroom-trailers/portable-restroom-trailers-in-vermont/,staged_noindex,200,https://temporary123.com/equipment-rental/restroom-trailers/portable-restroom-trailers-in-vermont/,1,"noindex,follow",,False,True,True,True,
96,https://www.temporary123.com/equipment-rental/restroom-trailers/portable-restroom-trailers-in-virginia/,/equipment-rental/restroom-trailers/portable-restroom-trailers-in-virginia/,staged_noindex,200,https://temporary123.com/equipment-rental/restroom-trailers/portable-restroom-trailers-in-virginia/,1,"noindex,follow",,False,True,True,True,
97,https://www.temporary123.com/equipment-rental/restroom-trailers/portable-restroom-trailers-in-washington/,/equipment-rental/restroom-trailers/portable-restroom-trailers-in-washington/,staged_noindex,200,https://temporary123.com/equipment-rental/restroom-trailers/portable-restroom-trailers-in-washington/,1,"noindex,follow",,False,True,True,True,
98,https://www.temporary123.com/equipment-rental/restroom-trailers/portable-restroom-trailers-in-west-virginia/,/equipment-rental/restroom-trailers/portable-restroom-trailers-in-west-virginia/,staged_noindex,200,https://temporary123.com/equipment-rental/restroom-trailers/portable-restroom-trailers-in-west-virginia/,1,"noindex,follow",,False,True,True,True,
99,https://www.temporary123.com/equipment-rental/restroom-trailers/portable-restroom-trailers-in-winconsin/,/equipment-rental/restroom-trailers/portable-restroom-trailers-in-winconsin/,staged_noindex,200,https://temporary123.com/equipment-rental/restroom-trailers/portable-restroom-trailers-in-winconsin/,1,"noindex,follow",,False,True,True,True,
100,https://www.temporary123.com/equipment-rental/restroom-trailers/portable-restroom-trailers-in-wyoming/,/equipment-rental/restroom-trailers/portable-restroom-trailers-in-wyoming/,staged_noindex,200,https://temporary123.com/equipment-rental/restroom-trailers/portable-restroom-trailers-in-wyoming/,1,"noindex,follow",,False,True,True,True,
101,http://temporary123.com/,/,index,200,https://temporary123.com/,1,"index,follow",https://temporary123.com/,True,True,True,True,
102,https://temporary123.com/equipment-rental/restroom-trailers/portable-restroom-trailers-in-tennessee/,/equipment-rental/restroom-trailers/portable-restroom-trailers-in-tennessee/,staged_noindex,200,https://temporary123.com/equipment-rental/restroom-trailers/portable-restroom-trailers-in-tennessee/,0,"noindex,follow",,False,True,True,True,
103,https://temporary123.com/houston-texas-mobile-kitchen-rental/,/houston-texas-mobile-kitchen-rental/,index,200,https://temporary123.com/houston-texas-mobile-kitchen-rental/,0,"index,follow",https://temporary123.com/houston-texas-mobile-kitchen-rental/,True,True,True,True,
104,https://temporary123.com/equipment-rental/restroom-trailers/portable-restroom-trailers-in-indiana/,/equipment-rental/restroom-trailers/portable-restroom-trailers-in-indiana/,staged_noindex,200,https://temporary123.com/equipment-rental/restroom-trailers/portable-restroom-trailers-in-indiana/,0,"noindex,follow",,False,True,True,True,
105,https://temporary123.com/equipment-rental/restroom-trailers/portable-restroom-trailers-in-louisiana/,/equipment-rental/restroom-trailers/portable-restroom-trailers-in-louisiana/,staged_noindex,200,https://temporary123.com/equipment-rental/restroom-trailers/portable-restroom-trailers-in-louisiana/,0,"noindex,follow",,False,True,True,True,
106,https://temporary123.com/equipment-rental/restroom-trailers/portable-restroom-trailers-in-california/,/equipment-rental/restroom-trailers/portable-restroom-trailers-in-california/,index,200,https://temporary123.com/equipment-rental/restroom-trailers/portable-restroom-trailers-in-california/,0,"index,follow",https://temporary123.com/equipment-rental/restroom-trailers/portable-restroom-trailers-in-california/,True,True,True,True,
107,https://temporary123.com/equipment-rental/restroom-trailers/portable-restroom-trailers-in-north-dakota/,/equipment-rental/restroom-trailers/portable-restroom-trailers-in-north-dakota/,staged_noindex,200,https://temporary123.com/equipment-rental/restroom-trailers/portable-restroom-trailers-in-north-dakota/,0,"noindex,follow",,False,True,True,True,
108,https://www.temporary123.com/houston-texas-mobile-kitchen-rental/,/houston-texas-mobile-kitchen-rental/,index,200,https://temporary123.com/houston-texas-mobile-kitchen-rental/,1,"index,follow",https://temporary123.com/houston-texas-mobile-kitchen-rental/,True,True,True,True,
109,https://temporary123.com/equipment-rental/restroom-trailers/portable-restroom-trailers-in-alberta-ca/,/equipment-rental/restroom-trailers/portable-restroom-trailers-in-alberta-ca/,staged_noindex,200,https://temporary123.com/equipment-rental/restroom-trailers/portable-restroom-trailers-in-alberta-ca/,0,"noindex,follow",,False,True,True,True,
110,https://temporary123.com/equipment-rental/restroom-trailers/portable-restroom-trailers-in-arkansas/,/equipment-rental/restroom-trailers/portable-restroom-trailers-in-arkansas/,staged_noindex,200,https://temporary123.com/equipment-rental/restroom-trailers/portable-restroom-trailers-in-arkansas/,0,"noindex,follow",,False,True,True,True,
111,https://temporary123.com/equipment-rental/restroom-trailers/portable-restroom-trailers-in-delaware/,/equipment-rental/restroom-trailers/portable-restroom-trailers-in-delaware/,staged_noindex,200,https://temporary123.com/equipment-rental/restroom-trailers/portable-restroom-trailers-in-delaware/,0,"noindex,follow",,False,True,True,True,
112,https://temporary123.com/equipment-rental/restroom-trailers/portable-restroom-trailers-in-maryland/,/equipment-rental/restroom-trailers/portable-restroom-trailers-in-maryland/,staged_noindex,200,https://temporary123.com/equipment-rental/restroom-trailers/portable-restroom-trailers-in-maryland/,0,"noindex,follow",,False,True,True,True,
113,https://temporary123.com/equipment-rental/restroom-trailers/portable-restroom-trailers-in-massachusetts/,/equipment-rental/restroom-trailers/portable-restroom-trailers-in-massachusetts/,staged_noindex,200,https://temporary123.com/equipment-rental/restroom-trailers/portable-restroom-trailers-in-massachusetts/,0,"noindex,follow",,False,True,True,True,
114,https://temporary123.com/equipment-rental/restroom-trailers/portable-restroom-trailers-in-michigan/,/equipment-rental/restroom-trailers/portable-restroom-trailers-in-michigan/,staged_noindex,200,https://temporary123.com/equipment-rental/restroom-trailers/portable-restroom-trailers-in-michigan/,0,"noindex,follow",,False,True,True,True,
115,https://temporary123.com/equipment-rental/restroom-trailers/portable-restroom-trailers-in-mississippi/,/equipment-rental/restroom-trailers/portable-restroom-trailers-in-mississippi/,staged_noindex,200,https://temporary123.com/equipment-rental/restroom-trailers/portable-restroom-trailers-in-mississippi/,0,"noindex,follow",,False,True,True,True,
116,https://temporary123.com/equipment-rental/restroom-trailers/portable-restroom-trailers-in-nevada/,/equipment-rental/restroom-trailers/portable-restroom-trailers-in-nevada/,staged_noindex,200,https://temporary123.com/equipment-rental/restroom-trailers/portable-restroom-trailers-in-nevada/,0,"noindex,follow",,False,True,True,True,
117,https://temporary123.com/equipment-rental/restroom-trailers/portable-restroom-trailers-in-new-hampshire/,/equipment-rental/restroom-trailers/portable-restroom-trailers-in-new-hampshire/,staged_noindex,200,https://temporary123.com/equipment-rental/restroom-trailers/portable-restroom-trailers-in-new-hampshire/,0,"noindex,follow",,False,True,True,True,
118,https://temporary123.com/equipment-rental/restroom-trailers/portable-restroom-trailers-in-new-jersey/,/equipment-rental/restroom-trailers/portable-restroom-trailers-in-new-jersey/,staged_noindex,200,https://temporary123.com/equipment-rental/restroom-trailers/portable-restroom-trailers-in-new-jersey/,0,"noindex,follow",,False,True,True,True,
119,https://temporary123.com/equipment-rental/restroom-trailers/portable-restroom-trailers-in-oklahoma/,/equipment-rental/restroom-trailers/portable-restroom-trailers-in-oklahoma/,staged_noindex,200,https://temporary123.com/equipment-rental/restroom-trailers/portable-restroom-trailers-in-oklahoma/,0,"noindex,follow",,False,True,True,True,
120,https://temporary123.com/equipment-rental/restroom-trailers/portable-restroom-trailers-in-oregon/,/equipment-rental/restroom-trailers/portable-restroom-trailers-in-oregon/,staged_noindex,200,https://temporary123.com/equipment-rental/restroom-trailers/portable-restroom-trailers-in-oregon/,0,"noindex,follow",,False,True,True,True,
121,https://temporary123.com/equipment-rental/restroom-trailers/portable-restroom-trailers-in-washington/,/equipment-rental/restroom-trailers/portable-restroom-trailers-in-washington/,staged_noindex,200,https://temporary123.com/equipment-rental/restroom-trailers/portable-restroom-trailers-in-washington/,0,"noindex,follow",,False,True,True,True,
122,https://temporary123.com/equipment-rental/restroom-trailers/portable-restroom-trailers-in-west-virginia/,/equipment-rental/restroom-trailers/portable-restroom-trailers-in-west-virginia/,staged_noindex,200,https://temporary123.com/equipment-rental/restroom-trailers/portable-restroom-trailers-in-west-virginia/,0,"noindex,follow",,False,True,True,True,
123,https://temporary123.com/equipment-rental/restroom-trailers/portable-restroom-trailers-in-wyoming/,/equipment-rental/restroom-trailers/portable-restroom-trailers-in-wyoming/,staged_noindex,200,https://temporary123.com/equipment-rental/restroom-trailers/portable-restroom-trailers-in-wyoming/,0,"noindex,follow",,False,True,True,True,
124,https://temporary123.com/containerized-shower-trailers/,/containerized-shower-trailers/,staged_noindex,200,https://temporary123.com/containerized-shower-trailers/,0,"noindex,follow",,False,True,True,True,
125,https://temporary123.com/emergency-container-modular-remote-executive-hotel-suites/,/emergency-container-modular-remote-executive-hotel-suites/,staged_noindex,200,https://temporary123.com/emergency-container-modular-remote-executive-hotel-suites/,0,"noindex,follow",,False,True,True,True,
126,https://temporary123.com/emergency-migrant-containerized-living-spaces/,/emergency-migrant-containerized-living-spaces/,staged_noindex,200,https://temporary123.com/emergency-migrant-containerized-living-spaces/,0,"noindex,follow",,False,True,True,True,
127,https://temporary123.com/emergency-modular-shelters-contained-for-rental/,/emergency-modular-shelters-contained-for-rental/,staged_noindex,200,https://temporary123.com/emergency-modular-shelters-contained-for-rental/,0,"noindex,follow",,False,True,True,True,
128,https://temporary123.com/equipment-rental/restroom-trailers/portable-restroom-trailers-in-district-of-columbia/,/equipment-rental/restroom-trailers/portable-restroom-trailers-in-district-of-columbia/,staged_noindex,200,https://temporary123.com/equipment-rental/restroom-trailers/portable-restroom-trailers-in-district-of-columbia/,0,"noindex,follow",,False,True,True,True,
129,https://temporary123.com/government/correctional-facilities/,/government/correctional-facilities/,staged_noindex,200,https://temporary123.com/government/correctional-facilities/,0,"noindex,follow",,False,True,True,True,
130,https://temporary123.com/mobile-kitchen-trailer-rental/,/mobile-kitchen-trailer-rental/,staged_noindex,200,https://temporary123.com/mobile-kitchen-trailer-rental/,0,"noindex,follow",,False,True,True,True,
131,https://temporary123.com/portable-dishwashing-trailer-rental/,/portable-dishwashing-trailer-rental/,staged_noindex,200,https://temporary123.com/portable-dishwashing-trailer-rental/,0,"noindex,follow",,False,True,True,True,
132,https://temporary123.com/remote-containerized-military-berthing-solution-for-rent/,/remote-containerized-military-berthing-solution-for-rent/,staged_noindex,200,https://temporary123.com/remote-containerized-military-berthing-solution-for-rent/,0,"noindex,follow",,False,True,True,True,
133,https://temporary123.com/restroom-trailer-rental/,/restroom-trailer-rental/,staged_noindex,200,https://temporary123.com/restroom-trailer-rental/,0,"noindex,follow",,False,True,True,True,
134,https://temporary123.com/shower-trailer-rental/,/shower-trailer-rental/,staged_noindex,200,https://temporary123.com/shower-trailer-rental/,0,"noindex,follow",,False,True,True,True,
135,https://temporary123.com/sleeper-trailer-rental/,/sleeper-trailer-rental/,staged_noindex,200,https://temporary123.com/sleeper-trailer-rental/,0,"noindex,follow",,False,True,True,True,
136,https://www.temporary123.com/containerized-shower-trailers/,/containerized-shower-trailers/,staged_noindex,200,https://temporary123.com/containerized-shower-trailers/,1,"noindex,follow",,False,True,True,True,
137,https://www.temporary123.com/emergency-container-modular-remote-executive-hotel-suites/,/emergency-container-modular-remote-executive-hotel-suites/,staged_noindex,200,https://temporary123.com/emergency-container-modular-remote-executive-hotel-suites/,1,"noindex,follow",,False,True,True,True,
138,https://www.temporary123.com/emergency-migrant-containerized-living-spaces/,/emergency-migrant-containerized-living-spaces/,staged_noindex,200,https://temporary123.com/emergency-migrant-containerized-living-spaces/,1,"noindex,follow",,False,True,True,True,
139,https://www.temporary123.com/emergency-modular-shelters-contained-for-rental/,/emergency-modular-shelters-contained-for-rental/,staged_noindex,200,https://temporary123.com/emergency-modular-shelters-contained-for-rental/,1,"noindex,follow",,False,True,True,True,
140,https://www.temporary123.com/equipment-rental/shower-trailer/portable-shower-trailers-in-new-jersey-usa/,/equipment-rental/shower-trailer/portable-shower-trailers-in-new-jersey-usa/,index,200,https://temporary123.com/equipment-rental/shower-trailer/portable-shower-trailers-in-new-jersey-usa/,1,"index,follow",https://temporary123.com/equipment-rental/shower-trailer/portable-shower-trailers-in-new-jersey-usa/,True,True,True,True,
141,https://www.temporary123.com/government/correctional-facilities/,/government/correctional-facilities/,staged_noindex,200,https://temporary123.com/government/correctional-facilities/,1,"noindex,follow",,False,True,True,True,
142,https://www.temporary123.com/greensboro-north-carolina-usa-temporary-restroom-building-rental/,/greensboro-north-carolina-usa-temporary-restroom-building-rental/,staged_noindex,200,https://temporary123.com/greensboro-north-carolina-usa-temporary-restroom-building-rental/,1,"noindex,follow",,False,True,True,True,
143,https://www.temporary123.com/modular-temporary-camp-facilities/,/modular-temporary-camp-facilities/,staged_noindex,200,https://temporary123.com/modular-temporary-camp-facilities/,1,"noindex,follow",,False,True,True,True,
144,https://www.temporary123.com/modular-temporary-workforce-housing-facilities/,/modular-temporary-workforce-housing-facilities/,staged_noindex,200,https://temporary123.com/modular-temporary-workforce-housing-facilities/,1,"noindex,follow",,False,True,True,True,
145,https://www.temporary123.com/remote-basecamp-housing-service-company/,/remote-basecamp-housing-service-company/,staged_noindex,200,https://temporary123.com/remote-basecamp-housing-service-company/,1,"noindex,follow",,False,True,True,True,
146,https://www.temporary123.com/remote-containerized-military-berthing-solution/,/remote-containerized-military-berthing-solution/,staged_noindex,200,https://temporary123.com/remote-containerized-military-berthing-solution/,1,"noindex,follow",,False,True,True,True,
147,https://www.temporary123.com/remote-housing-facilities/,/remote-housing-facilities/,staged_noindex,200,https://temporary123.com/remote-housing-facilities/,1,"noindex,follow",,False,True,True,True,
148,https://www.temporary123.com/remote-temporary-workforce-housing-facilities-rental/,/remote-temporary-workforce-housing-facilities-rental/,staged_noindex,200,https://temporary123.com/remote-temporary-workforce-housing-facilities-rental/,1,"noindex,follow",,False,True,True,True,
149,https://www.temporary123.com/remote-workforce-housing-facilities/,/remote-workforce-housing-facilities/,staged_noindex,200,https://temporary123.com/remote-workforce-housing-facilities/,1,"noindex,follow",,False,True,True,True,
150,https://www.temporary123.com/remote-workforce-housing-in-alabama/,/remote-workforce-housing-in-alabama/,staged_noindex,200,https://temporary123.com/remote-workforce-housing-in-alabama/,1,"noindex,follow",,False,True,True,True,
151,https://www.temporary123.com/wp-content/uploads/2023/04/2-Food-Service-Design.png,/wp-content/uploads/2023/04/2-Food-Service-Design.png,redirect,200,https://temporary123.com/food-services-2/,2,,,,,,True,
152,https://temporary123.com/shop/,/shop/,staged_noindex,200,https://temporary123.com/shop/,0,"noindex,follow",,False,True,True,True,
153,https://www.temporary123.com/catering/,/catering/,staged_noindex,200,https://temporary123.com/catering/,1,"noindex,follow",,False,True,True,True,
